NetworkName,0VOEM1,0VOEM2,0VOEM3,0VOEM4,0VOEM5,0VOEM6,0VOEM7,0VOEM8,0VOEM9,0VOEM10,0VOEM11,0VOEM12,1VOEM1,1VOEM2,1VOEM3,1VOEM4,1VOEM5,1VOEM6,1VOEM7,1VOEM8,1VOEM9,1VOEM10,1VOEM11,1VOEM12,2VOEM1,2VOEM2,2VOEM3,2VOEM4,2VOEM5,2VOEM6,2VOEM7,2VOEM8,2VOEM9,2VOEM10,2VOEM11,2VOEM12,3VOEM1,3VOEM2,3VOEM3,3VOEM4,3VOEM5,3VOEM6,3VOEM7,3VOEM8,3VOEM9,3VOEM10,3VOEM11,3VOEM12
1,7,75,9,17,51,11,4,21,4,3,22,13,7,0,14,8,72,0,0,0,0,0,32,3,3,35,12,10,66,13,3,25,11,4,36,6,5,0,5,4,84,0,0,0,0,0,49,2
2,6,48,12,18,54,12,6,32,3,3,39,13,12,0,13,9,72,0,0,0,0,0,52,5,3,25,11,10,70,14,4,13,8,4,52,9,4,0,6,12,90,0,0,0,0,0,64,3
3,5,60,14,18,57,13,8,25,3,3,23,12,12,0,18,9,76,0,0,0,0,0,41,4,2,38,14,11,74,14,3,19,9,4,47,8,6,0,4,14,93,0,0,0,0,0,61,3
4,4,52,8,21,63,14,7,26,3,4,25,17,15,0,15,10,83,0,0,0,0,0,36,4,3,35,8,10,75,15,2,15,15,4,40,7,8,0,5,10,92,0,0,0,0,0,48,2
5,6,25,16,23,68,15,6,21,4,3,40,15,7,0,14,11,99,0,0,0,0,0,56,6,4,36,12,13,95,19,3,25,11,4,56,10,5,0,5,12,122,0,0,0,0,0,68,3
6,7,74,10,21,65,15,8,32,3,3,44,13,15,0,22,10,86,0,0,0,0,0,56,6,3,22,13,11,81,16,2,28,12,5,62,11,8,0,6,11,100,0,0,0,0,0,74,3
7,3,63,18,19,57,13,9,29,4,2,45,12,11,0,18,9,78,0,0,0,0,0,65,7,2,29,11,11,77,15,3,25,8,5,66,12,5,0,7,8,98,0,0,0,0,0,76,4
8,6,46,10,18,56,13,8,17,5,2,29,14,18,0,17,8,69,0,0,0,0,0,43,4,2,29,13,9,63,12,2,23,12,3,48,9,4,0,5,8,80,0,0,0,0,0,60,3
9,7,47,13,18,55,12,7,23,3,2,22,10,11,0,11,9,74,0,0,0,0,0,38,4,3,34,7,10,70,14,2,39,10,3,39,7,6,0,4,9,88,0,0,0,0,0,46,2
10,8,48,13,13,38,8,6,28,5,4,37,15,10,0,11,6,49,0,0,0,0,0,51,5,4,23,11,7,45,9,3,25,6,4,49,9,6,0,5,7,55,0,0,0,0,0,60,3
11,6,52,15,12,34,7,4,35,4,3,27,12,9,0,14,5,44,0,0,0,0,0,42,4,3,36,12,6,39,7,3,26,7,4,44,8,7,0,5,12,45,0,0,0,0,0,57,2
12,8,41,8,13,40,9,6,27,3,4,29,17,6,0,12,7,56,0,0,0,0,0,39,4,3,17,13,8,48,9,3,22,12,4,40,7,8,0,8,11,57,0,0,0,0,0,54,2
13,3,60,8,21,63,14,8,29,2,3,35,13,12,0,14,10,86,0,0,0,0,0,46,5,2,41,15,12,85,17,3,28,9,3,48,9,3,0,4,10,111,0,0,0,0,0,63,3
14,8,51,16,19,57,13,7,26,3,2,21,14,8,0,16,9,81,0,0,0,0,0,40,4,3,36,12,11,74,14,3,21,13,4,44,8,5,0,6,11,94,0,0,0,0,0,57,2
15,6,34,14,18,55,12,7,32,3,3,35,8,6,0,14,9,79,0,0,0,0,0,51,5,3,26,9,12,79,15,3,26,6,4,52,9,5,0,3,8,101,0,0,0,0,0,61,3
16,7,63,11,18,56,13,7,32,2,4,31,16,11,0,15,9,76,0,0,0,0,0,45,4,5,38,10,10,66,13,3,22,14,3,48,9,5,0,3,7,84,0,0,0,0,0,58,3
17,8,53,13,14,42,9,6,37,4,3,36,13,9,0,21,7,56,0,0,0,0,0,50,5,2,38,13,7,47,9,1,14,14,5,56,10,6,0,4,8,57,0,0,0,0,0,67,3
18,7,30,12,17,50,11,6,35,3,4,23,13,6,0,12,9,72,0,0,0,0,0,37,4,3,36,13,10,67,13,2,23,11,3,39,7,6,0,6,4,84,0,0,0,0,0,52,2
19,5,62,13,17,53,12,8,22,2,3,16,10,10,0,19,9,72,0,0,0,0,0,34,3,5,19,15,10,66,13,4,19,10,4,42,7,2,0,6,6,87,0,0,0,0,0,58,3
20,6,61,16,17,51,11,10,20,3,4,39,16,7,0,18,8,72,0,0,0,0,0,59,6,3,42,10,9,61,12,4,25,16,5,61,11,6,0,5,14,76,0,0,0,0,0,72,3
21,4,14,10,10,30,7,5,16,4,3,30,7,7,0,8,5,40,0,0,0,0,0,41,4,2,26,3,6,33,6,2,16,10,3,39,7,3,0,3,5,42,0,0,0,0,0,42,2
22,2,34,6,8,23,5,5,20,3,3,21,8,7,0,9,4,29,0,0,0,0,0,29,3,2,13,6,5,24,4,2,21,7,3,30,5,3,0,2,5,30,0,0,0,0,0,37,1
23,4,36,6,11,31,7,5,10,3,3,22,10,5,0,7,5,44,0,0,0,0,0,30,3,2,20,6,6,40,8,2,12,7,3,29,5,4,0,4,5,50,0,0,0,0,0,36,1
24,5,41,8,12,35,8,4,20,3,4,17,11,6,0,6,6,49,0,0,0,0,0,27,2,1,12,8,7,44,8,2,14,10,3,26,4,2,0,3,5,57,0,0,0,0,0,35,1
25,3,28,9,11,35,8,6,18,4,3,30,10,4,0,9,6,50,0,0,0,0,0,41,4,2,16,7,7,46,9,2,25,8,3,40,7,3,0,2,4,59,0,0,0,0,0,47,2
26,3,24,6,10,29,6,4,16,3,3,19,7,6,0,5,5,39,0,0,0,0,0,27,2,2,11,5,5,32,6,2,17,10,3,25,4,3,0,4,6,40,0,0,0,0,0,31,1
27,2,31,9,12,39,9,3,9,4,2,10,8,6,0,7,6,54,0,0,0,0,0,20,2,3,12,7,7,47,9,2,10,10,2,21,4,2,0,3,5,61,0,0,0,0,0,29,1
28,2,21,9,8,22,5,5,15,5,2,29,7,5,0,9,4,30,0,0,0,0,0,39,4,2,17,5,5,24,4,3,13,8,3,38,7,3,0,3,3,30,0,0,0,0,0,44,2
29,4,32,11,8,21,4,3,18,3,2,17,5,5,0,8,4,28,0,0,0,0,0,28,3,2,21,9,5,24,4,2,18,6,3,28,5,3,0,2,4,30,0,0,0,0,0,38,1
30,3,38,8,11,35,8,5,16,5,4,23,7,2,0,8,6,52,0,0,0,0,0,33,3,2,28,4,8,49,9,1,14,7,3,32,6,3,0,1,6,63,0,0,0,0,0,36,1
31,3,34,7,10,29,6,5,20,4,3,8,8,3,0,8,5,42,0,0,0,0,0,18,2,2,23,11,7,39,7,3,14,6,3,20,3,3,0,3,5,50,0,0,0,0,0,33,1
32,3,39,8,8,26,6,5,16,3,4,24,8,4,0,8,5,36,0,0,0,0,0,34,3,3,14,8,5,33,6,2,18,5,3,33,6,3,0,3,5,41,0,0,0,0,0,41,2
33,1,45,10,11,29,6,4,19,2,3,22,8,7,0,6,5,39,0,0,0,0,0,33,3,1,12,3,6,38,7,2,21,5,3,31,5,3,0,4,4,48,0,0,0,0,0,35,1
34,1,31,8,8,23,5,4,16,3,2,15,10,6,0,10,4,30,0,0,0,0,0,25,2,2,21,8,4,23,4,1,18,9,2,28,5,3,0,2,5,28,0,0,0,0,0,36,1
35,3,32,7,9,26,6,4,17,3,3,31,7,5,0,5,5,36,0,0,0,0,0,38,4,2,26,11,4,30,6,1,12,9,3,34,6,2,0,4,2,38,0,0,0,0,0,44,2
36,3,25,6,10,29,6,4,18,2,4,20,8,5,0,7,5,40,0,0,0,0,0,27,3,2,22,8,5,35,7,2,14,8,2,27,5,4,0,3,5,43,0,0,0,0,0,36,1
37,3,20,8,8,24,5,4,30,4,3,25,9,4,0,6,4,33,0,0,0,0,0,34,3,2,25,7,5,28,5,3,21,7,2,32,6,4,0,4,5,34,0,0,0,0,0,40,2
38,3,42,6,9,26,6,3,24,3,4,20,8,5,0,8,5,36,0,0,0,0,0,27,2,2,18,9,5,30,6,3,16,9,2,28,5,2,0,4,4,39,0,0,0,0,0,38,2
39,3,24,7,12,36,8,4,23,2,3,28,7,6,0,7,6,50,0,0,0,0,0,36,3,2,20,7,7,45,9,2,13,9,3,34,6,4,0,3,4,57,0,0,0,0,0,41,2
40,2,28,9,12,36,8,6,18,3,4,23,8,6,0,7,6,50,0,0,0,0,0,35,3,2,19,7,7,45,9,2,14,9,3,33,6,5,0,3,4,56,0,0,0,0,0,40,2
41,4,25,8,8,23,5,7,10,3,1,10,9,4,0,7,4,32,0,0,0,0,0,23,2,3,11,7,5,27,5,4,13,6,2,24,4,2,0,3,4,35,0,0,0,0,0,34,1
42,4,21,9,9,26,6,6,31,3,2,15,7,5,0,7,5,36,0,0,0,0,0,27,3,4,16,5,5,32,6,5,15,5,2,27,5,3,0,2,5,40,0,0,0,0,0,36,1
43,3,33,12,10,29,6,8,16,2,1,17,11,5,0,5,5,40,0,0,0,0,0,34,3,1,16,6,6,37,7,5,17,7,3,31,5,2,0,4,3,48,0,0,0,0,0,40,2
44,4,33,8,9,26,6,7,28,2,3,20,10,4,0,3,5,37,0,0,0,0,0,32,3,5,8,8,5,30,6,4,10,7,2,28,5,2,0,2,4,39,0,0,0,0,0,38,2
45,1,34,8,5,13,3,4,13,3,1,19,11,2,0,8,3,19,0,0,0,0,0,28,3,2,19,3,3,12,2,4,17,8,3,28,5,2,0,2,5,15,0,0,0,0,0,34,1
46,4,14,7,8,23,5,9,19,2,2,19,8,4,0,8,4,32,0,0,0,0,0,32,3,5,11,5,4,26,5,4,17,5,2,32,6,2,0,3,5,33,0,0,0,0,0,39,2
47,4,23,8,9,27,6,7,16,2,3,28,6,4,0,6,5,38,0,0,0,0,0,39,4,4,7,5,5,33,6,4,15,6,3,36,6,2,0,2,5,42,0,0,0,0,0,43,2
48,5,18,5,9,24,5,5,16,1,3,16,12,4,0,6,4,34,0,0,0,0,0,24,2,4,15,7,5,29,5,5,21,5,2,24,4,2,0,3,3,37,0,0,0,0,0,35,1
49,3,19,10,8,26,6,5,22,2,1,17,5,3,0,8,5,37,0,0,0,0,0,29,3,4,11,9,5,32,6,4,15,6,3,29,5,2,0,4,4,41,0,0,0,0,0,40,2
50,1,32,9,8,26,6,5,14,2,1,15,9,4,0,5,5,36,0,0,0,0,0,27,2,4,17,6,5,32,6,6,13,5,3,25,4,2,0,3,3,41,0,0,0,0,0,36,1
51,3,36,10,11,29,6,7,20,2,2,21,11,3,0,9,5,43,0,0,0,0,0,35,3,5,10,4,6,34,6,4,18,9,3,35,6,2,0,3,2,44,0,0,0,0,0,41,2
52,2,26,8,12,33,7,5,18,2,3,20,11,7,0,6,6,45,0,0,0,0,0,30,3,4,15,6,6,42,8,4,18,5,3,28,5,3,0,4,4,53,0,0,0,0,0,37,1
53,4,36,5,11,29,6,4,23,3,2,13,10,5,0,8,5,41,0,0,0,0,0,20,2,5,16,6,7,39,7,4,17,2,2,22,4,2,0,3,4,51,0,0,0,0,0,31,1
54,4,24,10,9,25,5,4,14,2,2,10,8,3,0,4,4,36,0,0,0,0,0,22,2,4,16,5,4,30,6,4,25,6,3,20,3,2,0,3,2,38,0,0,0,0,0,28,1
55,3,24,11,11,33,7,6,17,2,1,15,9,4,0,7,6,47,0,0,0,0,0,29,3,4,10,8,6,42,8,4,19,7,3,28,5,3,0,3,4,53,0,0,0,0,0,38,2
56,2,35,11,9,25,5,6,22,2,2,15,12,3,0,6,5,36,0,0,0,0,0,29,3,3,6,8,5,30,6,3,19,8,2,28,5,2,0,4,4,39,0,0,0,0,0,38,1
57,2,22,10,12,33,7,4,13,3,3,17,2,5,0,6,6,47,0,0,0,0,0,28,3,5,12,5,7,42,8,6,12,6,2,27,5,1,0,4,4,56,0,0,0,0,0,37,1
58,4,21,10,10,31,7,5,13,2,2,14,8,4,0,7,5,44,0,0,0,0,0,27,2,3,14,5,7,39,7,5,14,7,2,27,5,2,0,4,5,51,0,0,0,0,0,36,1
59,2,19,9,11,31,7,5,17,2,2,19,7,4,0,6,6,45,0,0,0,0,0,30,3,4,7,8,6,41,8,4,15,6,3,28,5,2,0,3,4,53,0,0,0,0,0,38,2
60,3,15,10,10,29,6,5,16,2,1,24,5,3,0,8,5,42,0,0,0,0,0,36,3,3,12,4,5,36,7,4,18,8,3,35,6,1,0,4,3,47,0,0,0,0,0,41,2
61,3,24,11,8,24,5,5,31,2,3,43,8,4,0,5,4,33,0,0,0,0,0,54,5,2,15,13,5,29,5,4,20,6,4,47,8,4,0,3,3,35,0,0,0,0,0,61,3
62,2,32,15,10,27,6,7,28,2,4,33,7,3,0,5,5,40,0,0,0,0,0,50,5,3,14,12,6,37,7,3,32,5,3,44,8,4,0,5,4,46,0,0,0,0,0,57,2
63,2,19,16,9,25,5,7,27,3,3,27,6,3,0,7,4,36,0,0,0,0,0,45,5,5,17,12,4,25,5,4,35,10,4,41,7,3,0,3,6,31,0,0,0,0,0,55,2
64,2,22,11,11,29,6,8,31,2,3,34,1,4,0,3,5,42,0,0,0,0,0,48,5,3,19,12,5,35,7,4,17,9,4,40,7,4,0,1,4,43,0,0,0,0,0,54,2
65,1,21,16,10,31,7,11,25,4,2,32,9,6,0,6,5,42,0,0,0,0,0,54,5,5,19,7,5,35,7,3,18,7,3,48,9,5,0,6,6,42,0,0,0,0,0,56,2
66,1,28,12,9,25,5,7,26,2,2,32,8,3,0,4,5,36,0,0,0,0,0,46,5,4,16,10,4,30,6,4,19,7,3,40,7,4,0,4,4,36,0,0,0,0,0,52,2
67,2,15,18,7,20,4,10,24,2,4,32,10,3,0,5,4,28,0,0,0,0,0,54,6,2,8,7,4,24,4,4,20,6,4,47,8,5,0,5,6,27,0,0,0,0,0,56,2
68,2,21,15,6,15,3,6,15,3,3,29,9,5,0,4,3,19,0,0,0,0,0,45,5,4,18,5,3,16,3,4,27,2,3,39,7,3,0,3,6,19,0,0,0,0,0,46,2
69,2,23,17,8,26,6,6,30,4,4,31,11,4,0,7,5,36,0,0,0,0,0,49,5,3,10,5,5,30,6,4,10,8,4,44,8,5,0,5,3,36,0,0,0,0,0,51,2
70,2,15,12,7,19,4,9,13,3,4,22,5,3,0,7,4,27,0,0,0,0,0,39,4,5,16,8,4,18,3,2,17,8,4,36,6,5,0,3,5,20,0,0,0,0,0,44,2
71,1,13,14,9,27,6,8,29,2,4,35,9,4,0,4,5,38,0,0,0,0,0,52,5,3,17,15,5,35,7,4,28,5,4,44,8,3,0,3,3,44,0,0,0,0,0,60,3
72,3,33,14,8,22,5,6,34,3,3,36,8,3,0,5,4,32,0,0,0,0,0,51,5,5,17,7,4,23,4,2,24,8,4,44,8,3,0,4,5,28,0,0,0,0,0,51,2
73,2,26,8,11,32,7,8,19,4,3,23,7,4,0,3,6,46,0,0,0,0,0,36,3,4,18,8,6,40,8,4,19,8,3,31,5,6,0,3,6,48,0,0,0,0,0,41,2
74,2,22,13,11,29,6,8,30,4,3,22,8,4,0,4,5,42,0,0,0,0,0,39,4,3,9,8,6,38,7,5,28,6,3,34,6,7,0,6,2,44,0,0,0,0,0,45,2
75,2,38,10,9,25,5,13,37,2,5,26,6,6,0,4,4,33,0,0,0,0,0,45,4,3,16,13,4,27,5,3,25,7,3,39,7,5,0,4,4,31,0,0,0,0,0,53,2
76,2,23,7,10,28,6,9,29,3,2,37,8,5,0,5,5,39,0,0,0,0,0,48,5,4,15,5,5,35,7,3,24,5,4,42,7,4,0,4,4,43,0,0,0,0,0,48,2
77,2,20,10,11,31,7,7,22,4,2,38,6,4,0,7,6,45,0,0,0,0,0,50,5,6,20,9,6,37,7,4,28,8,4,45,8,5,0,4,2,45,0,0,0,0,0,56,2
78,2,21,10,11,29,6,8,29,4,2,22,6,4,0,8,5,42,0,0,0,0,0,36,4,4,16,10,6,34,6,3,24,9,3,35,6,6,0,4,6,40,0,0,0,0,0,46,2
79,2,16,14,9,26,6,6,26,3,2,20,6,5,0,1,5,36,0,0,0,0,0,36,4,4,17,10,5,30,6,5,42,7,3,29,5,4,0,5,4,37,0,0,0,0,0,42,2
80,2,20,11,9,25,5,6,22,4,3,21,10,3,0,6,5,36,0,0,0,0,0,35,3,5,14,9,4,27,5,5,28,9,3,32,6,5,0,4,4,31,0,0,0,0,0,44,2
81,5,34,37,12,37,8,15,119,6,7,55,30,8,0,9,6,49,0,0,0,0,0,97,10,4,30,16,7,43,8,7,100,8,7,84,15,7,0,7,7,51,0,0,0,0,0,102,5
82,3,32,58,16,47,10,15,83,3,10,58,25,5,0,10,8,68,0,0,0,0,0,118,13,5,32,28,8,60,12,10,68,11,7,102,19,6,0,13,7,74,0,0,0,0,0,133,7
83,4,40,48,14,41,9,16,119,9,10,109,22,8,0,9,7,56,0,0,0,0,0,156,17,4,25,13,7,43,8,7,62,16,9,132,24,8,0,9,10,50,0,0,0,0,0,145,7
84,5,41,59,16,47,10,17,80,6,12,91,14,9,0,8,8,64,0,0,0,0,0,151,16,4,41,20,8,56,11,7,64,12,9,127,23,7,0,10,5,68,0,0,0,0,0,147,7
85,4,37,58,17,51,11,20,57,4,9,84,37,7,0,12,9,72,0,0,0,0,0,146,16,6,22,16,9,57,11,9,79,18,9,126,23,5,0,8,5,72,0,0,0,0,0,144,7
86,5,38,39,12,37,8,23,72,6,11,85,32,7,0,13,6,50,0,0,0,0,0,133,14,5,30,31,6,39,7,11,83,12,9,116,21,6,0,9,6,46,0,0,0,0,0,151,7
87,3,24,40,14,44,10,15,104,5,5,91,33,6,0,8,7,62,0,0,0,0,0,132,14,4,37,26,8,51,10,9,93,14,7,112,21,9,0,9,6,60,0,0,0,0,0,140,7
88,3,34,39,12,33,7,21,91,8,9,50,24,8,0,15,5,44,0,0,0,0,0,99,11,5,29,22,4,30,6,8,82,14,6,91,17,13,0,10,8,27,0,0,0,0,0,115,6
89,5,38,43,12,35,8,14,98,5,10,94,21,5,0,13,6,50,0,0,0,0,0,136,15,4,30,30,5,33,6,11,92,19,8,119,22,10,0,4,7,34,0,0,0,0,0,152,8
90,4,37,28,14,40,9,19,67,7,6,98,23,7,0,13,7,56,0,0,0,0,0,131,14,5,22,23,6,42,8,11,65,16,8,115,21,12,0,10,5,44,0,0,0,0,0,142,7
91,4,27,30,13,40,9,17,83,7,11,72,16,7,0,10,7,55,0,0,0,0,0,108,11,6,29,14,7,46,9,9,87,10,7,94,17,8,0,8,8,54,0,0,0,0,0,112,5
92,4,41,49,10,29,6,22,89,4,15,84,15,6,0,9,5,39,0,0,0,0,0,140,15,4,32,24,4,26,5,10,55,14,8,119,22,11,0,9,6,24,0,0,0,0,0,146,7
93,2,36,36,13,38,8,22,134,4,9,98,34,9,0,7,6,50,0,0,0,0,0,141,15,2,32,22,5,36,7,7,65,18,8,118,22,10,0,5,5,38,0,0,0,0,0,140,7
94,5,46,53,16,46,10,16,65,6,8,94,19,7,0,13,8,65,0,0,0,0,0,147,16,4,32,9,9,54,10,8,73,15,8,128,24,7,0,13,7,66,0,0,0,0,0,138,7
95,3,27,46,16,47,10,15,112,8,12,67,28,5,0,13,8,68,0,0,0,0,0,116,12,4,27,24,8,51,10,9,43,21,7,103,19,12,0,9,6,57,0,0,0,0,0,130,6
96,5,36,64,19,61,14,11,81,9,6,118,38,8,0,10,10,86,0,0,0,0,0,174,19,4,27,21,11,74,14,6,62,18,10,147,27,10,0,5,8,89,0,0,0,0,0,166,8
97,5,36,29,15,46,10,13,74,6,8,91,25,8,0,14,7,63,0,0,0,0,0,120,13,2,19,20,8,55,11,12,91,13,7,107,20,10,0,12,7,64,0,0,0,0,0,133,6
98,4,24,48,14,40,9,8,59,6,8,76,23,7,0,11,7,56,0,0,0,0,0,119,13,4,50,22,7,42,8,11,72,17,7,104,19,12,0,6,5,45,0,0,0,0,0,131,6
99,4,34,34,14,40,9,15,63,5,7,84,16,8,0,13,7,55,0,0,0,0,0,120,13,2,30,24,6,41,8,4,122,19,8,106,19,12,0,11,5,43,0,0,0,0,0,128,6
100,4,40,17,13,39,9,17,67,7,13,55,19,7,0,8,7,54,0,0,0,0,0,81,8,2,32,26,6,38,7,7,78,21,5,71,13,9,0,5,5,42,0,0,0,0,0,99,5
101,7,114,93,44,140,32,58,324,29,32,216,67,15,0,29,23,201,0,0,0,0,0,331,36,10,66,47,25,182,36,17,162,32,18,288,54,20,0,26,15,223,0,0,0,0,0,335,17
102,9,86,70,32,100,23,30,162,19,9,159,67,20,0,17,15,135,0,0,0,0,0,234,25,8,74,51,14,93,18,14,287,49,14,200,37,17,0,23,24,108,0,0,0,0,0,252,13
103,13,122,64,45,142,32,43,332,24,18,186,65,18,0,29,23,201,0,0,0,0,0,264,29,10,100,65,23,165,33,10,134,49,16,234,43,20,0,10,17,201,0,0,0,0,0,294,15
104,10,69,87,31,97,22,70,107,21,24,271,99,18,0,27,15,132,0,0,0,0,0,386,42,14,81,54,15,103,20,21,315,30,22,330,61,20,0,31,16,118,0,0,0,0,0,385,20
105,8,107,82,30,92,21,39,242,27,28,192,117,15,0,24,15,128,0,0,0,0,0,282,31,7,95,50,13,93,18,17,233,43,17,244,45,15,0,23,7,109,0,0,0,0,0,296,15
106,12,53,52,55,175,40,46,413,18,32,243,60,19,0,11,28,251,0,0,0,0,0,307,34,10,79,48,29,208,41,24,246,61,17,254,47,20,0,22,19,258,0,0,0,0,0,310,16
107,6,136,89,48,153,35,43,222,19,30,178,84,19,0,21,25,217,0,0,0,0,0,279,31,15,93,53,25,182,36,31,218,45,15,240,45,23,0,19,20,220,0,0,0,0,0,308,16
108,12,101,58,45,143,33,38,328,40,29,313,90,16,0,33,23,205,0,0,0,0,0,369,40,10,44,29,26,183,36,27,214,35,21,321,60,22,0,23,20,223,0,0,0,0,0,359,18
109,8,100,73,36,111,25,62,372,20,23,264,70,15,0,28,18,157,0,0,0,0,0,360,39,11,80,54,17,119,23,30,205,45,20,310,58,19,0,20,22,140,0,0,0,0,0,375,19
110,10,91,112,42,131,30,55,416,27,30,149,59,16,0,24,21,187,0,0,0,0,0,285,31,7,85,31,22,154,30,19,142,47,16,247,46,22,0,23,32,184,0,0,0,0,0,283,14
111,12,128,78,47,150,34,34,345,28,11,276,79,18,0,35,24,213,0,0,0,0,0,350,38,7,91,29,26,192,38,37,221,38,20,308,57,19,0,26,14,237,0,0,0,0,0,356,18
112,6,50,81,35,110,25,37,416,21,19,273,73,19,0,23,17,151,0,0,0,0,0,352,39,7,136,32,16,111,22,20,146,50,19,300,56,23,0,16,19,126,0,0,0,0,0,335,17
113,9,105,66,39,124,28,64,265,25,29,254,92,11,0,32,20,180,0,0,0,0,0,346,38,11,84,30,22,153,30,23,190,36,20,302,56,20,0,20,25,185,0,0,0,0,0,338,17
114,7,92,75,46,146,33,81,330,28,31,209,81,17,0,8,24,208,0,0,0,0,0,329,36,10,60,50,26,191,38,21,211,31,18,269,50,17,0,22,20,238,0,0,0,0,0,323,17
115,14,120,90,43,133,30,52,233,16,34,137,78,19,0,27,21,187,0,0,0,0,0,252,27,9,112,36,19,140,28,22,127,59,15,223,41,19,0,24,29,168,0,0,0,0,0,267,14
116,12,118,96,46,148,34,69,322,10,29,239,72,21,0,24,23,207,0,0,0,0,0,364,40,11,47,61,27,193,38,20,333,26,20,310,58,28,0,23,11,230,0,0,0,0,0,372,19
117,10,99,81,32,101,23,51,318,21,31,354,90,12,0,30,17,144,0,0,0,0,0,438,48,12,85,22,18,124,24,29,159,25,24,374,70,10,0,21,22,156,0,0,0,0,0,404,21
118,11,121,74,43,137,31,59,272,23,17,173,87,13,0,26,22,198,0,0,0,0,0,276,30,9,51,55,23,171,34,22,189,40,16,241,45,24,0,22,20,204,0,0,0,0,0,303,15
119,9,84,68,38,122,28,51,379,23,17,300,109,17,0,21,19,171,0,0,0,0,0,378,41,6,90,67,19,140,28,17,245,44,21,319,59,28,0,11,15,159,0,0,0,0,0,383,20
120,15,115,96,39,120,27,43,400,18,27,261,75,24,0,33,18,162,0,0,0,0,0,360,40,8,48,40,20,138,27,31,302,34,21,314,58,13,0,23,17,172,0,0,0,0,0,366,19
121,14,211,155,64,202,46,72,595,36,50,542,192,33,0,32,31,279,0,0,0,0,0,693,76,14,226,141,35,249,49,44,386,47,37,580,108,43,0,48,40,290,0,0,0,0,0,727,38
122,26,220,168,84,268,61,85,429,48,38,456,205,35,0,31,42,378,0,0,0,0,0,639,70,13,141,56,45,327,65,40,440,80,34,536,100,60,0,47,49,377,0,0,0,0,0,601,31
123,24,176,84,65,207,47,51,432,49,54,462,257,36,0,27,32,283,0,0,0,0,0,538,59,26,188,119,32,231,46,57,387,58,29,452,84,32,0,52,39,277,0,0,0,0,0,597,31
124,21,175,163,83,267,61,68,494,50,64,478,178,17,0,36,44,394,0,0,0,0,0,639,70,25,176,79,46,341,68,47,362,72,34,540,101,49,0,40,54,406,0,0,0,0,0,633,33
125,25,195,132,79,250,57,69,381,54,36,592,323,32,0,40,40,354,0,0,0,0,0,714,79,9,127,86,42,311,62,27,421,74,38,603,113,33,0,52,49,382,0,0,0,0,0,681,35
126,25,167,84,83,265,61,78,459,53,55,528,279,22,0,46,43,387,0,0,0,0,0,621,69,12,191,72,45,335,67,54,449,83,34,533,100,42,0,26,33,405,0,0,0,0,0,627,32
127,21,215,113,82,265,61,60,463,52,67,473,184,34,0,29,42,374,0,0,0,0,0,582,64,12,166,92,40,292,58,52,434,112,32,488,91,56,0,22,22,334,0,0,0,0,0,601,31
128,18,166,177,88,283,65,67,546,55,51,537,197,25,0,38,46,411,0,0,0,0,0,703,78,17,153,105,43,318,63,46,369,122,38,592,111,37,0,44,43,387,0,0,0,0,0,706,37
129,28,119,159,98,314,72,66,405,63,61,466,176,36,0,38,50,448,0,0,0,0,0,622,69,12,116,102,51,369,73,57,471,117,33,528,99,61,0,41,26,432,0,0,0,0,0,653,34
130,27,257,196,81,260,60,61,536,56,48,392,211,26,0,44,42,375,0,0,0,0,0,585,64,26,171,120,40,292,58,47,379,99,32,503,94,45,0,66,50,345,0,0,0,0,0,637,33
131,29,189,113,84,269,62,61,463,40,49,500,156,42,0,25,42,373,0,0,0,0,0,607,67,24,190,112,37,271,54,35,309,120,33,505,94,56,0,44,55,306,0,0,0,0,0,620,32
132,15,125,163,82,264,61,48,585,27,45,431,281,24,0,14,43,383,0,0,0,0,0,578,64,23,117,64,45,329,65,48,458,74,31,473,88,28,0,53,34,411,0,0,0,0,0,556,29
133,35,56,148,78,250,57,37,448,54,42,450,348,29,0,47,40,356,0,0,0,0,0,572,63,23,178,115,41,305,61,44,458,68,32,495,92,45,0,37,34,362,0,0,0,0,0,622,32
134,26,215,188,92,293,67,85,467,53,62,441,286,27,0,33,48,425,0,0,0,0,0,643,71,12,139,105,52,382,76,34,487,79,35,540,101,41,0,28,54,469,0,0,0,0,0,646,33
135,16,253,136,71,227,52,61,486,52,67,483,215,38,0,50,35,312,0,0,0,0,0,612,68,19,188,102,40,288,57,46,464,40,34,529,99,41,0,47,46,344,0,0,0,0,0,644,33
136,23,156,135,95,308,71,36,514,59,51,466,195,31,0,27,50,443,0,0,0,0,0,574,63,19,149,52,52,378,75,28,421,96,31,480,90,21,0,63,43,484,0,0,0,0,0,532,28
137,26,203,171,72,231,53,58,494,40,43,450,215,25,0,48,37,331,0,0,0,0,0,612,67,17,198,105,36,267,53,46,470,84,33,528,99,49,0,38,44,307,0,0,0,0,0,646,33
138,20,144,168,79,252,58,106,432,48,44,364,167,39,0,30,39,350,0,0,0,0,0,575,63,15,100,107,40,294,58,44,403,80,31,484,90,44,0,46,36,348,0,0,0,0,0,604,31
139,21,252,182,80,254,58,48,434,57,48,465,232,26,0,48,41,366,0,0,0,0,0,626,69,17,106,113,42,310,62,43,399,80,34,539,101,31,0,51,25,383,0,0,0,0,0,661,34
140,31,203,121,73,232,53,97,462,43,45,431,231,21,0,29,38,337,0,0,0,0,0,585,64,18,125,84,37,264,52,68,504,93,31,491,92,26,0,48,31,327,0,0,0,0,0,611,32
141,57,283,209,136,438,101,172,454,53,242,471,260,54,0,72,70,621,0,0,0,0,0,767,85,46,164,177,76,564,112,82,514,81,43,671,125,90,0,72,45,662,0,0,0,0,0,884,46
142,62,284,189,118,382,88,151,242,36,161,636,248,50,0,76,60,538,0,0,0,0,0,879,97,45,301,173,61,450,90,62,488,103,48,764,143,103,0,76,58,498,0,0,0,0,0,950,49
143,55,342,98,111,354,81,117,474,44,148,534,256,39,0,38,57,507,0,0,0,0,0,675,74,54,333,130,47,339,67,108,568,171,37,570,106,87,0,95,48,366,0,0,0,0,0,768,40
144,38,326,190,126,405,93,124,596,35,172,623,254,42,0,40,65,582,0,0,0,0,0,844,93,54,356,164,65,482,96,88,478,111,45,707,132,116,0,128,66,527,0,0,0,0,0,912,47
145,58,327,204,127,410,94,95,600,46,130,701,299,50,0,48,65,581,0,0,0,0,0,900,100,63,121,174,61,447,89,84,537,136,48,758,142,72,0,106,60,525,0,0,0,0,0,966,50
146,49,222,64,103,332,76,130,286,65,109,573,338,39,0,91,53,472,0,0,0,0,0,691,76,75,292,176,41,305,61,83,353,145,40,625,117,62,0,76,67,345,0,0,0,0,0,840,44
147,38,462,149,115,367,84,144,467,48,244,395,152,33,0,40,60,533,0,0,0,0,0,620,68,45,307,111,64,468,93,44,525,80,33,528,99,83,0,103,54,542,0,0,0,0,0,649,34
148,55,183,166,116,375,86,146,330,46,190,517,175,50,0,79,59,527,0,0,0,0,0,747,82,50,254,173,59,440,88,71,521,96,43,660,123,88,0,86,62,499,0,0,0,0,0,859,45
149,48,323,248,129,414,95,117,311,32,200,547,252,53,0,41,65,585,0,0,0,0,0,821,91,48,244,162,66,491,98,30,489,111,44,689,129,74,0,114,43,581,0,0,0,0,0,837,44
150,58,301,143,128,411,94,139,490,36,172,483,319,30,0,55,68,603,0,0,0,0,0,689,76,63,85,187,71,526,105,76,443,82,38,595,111,100,0,83,67,602,0,0,0,0,0,816,42
151,44,369,165,117,375,86,116,453,54,170,666,162,65,0,63,58,513,0,0,0,0,0,853,94,55,288,69,54,393,78,112,403,123,47,732,137,63,0,108,65,462,0,0,0,0,0,868,45
152,31,282,237,141,453,104,94,489,38,223,699,232,48,0,55,73,650,0,0,0,0,0,927,103,65,302,164,73,541,108,61,573,117,50,785,147,101,0,103,54,621,0,0,0,0,0,960,50
153,53,258,177,121,388,89,135,586,56,141,566,192,42,0,49,62,556,0,0,0,0,0,791,87,64,372,124,61,455,91,80,564,99,42,672,126,116,0,105,63,491,0,0,0,0,0,833,43
154,59,327,113,126,405,93,95,440,63,136,647,182,48,0,61,64,576,0,0,0,0,0,770,85,46,193,176,64,471,94,61,484,123,43,664,124,85,0,96,45,544,0,0,0,0,0,856,45
155,56,276,141,115,369,85,127,374,60,124,613,363,49,0,67,58,520,0,0,0,0,0,793,88,71,159,128,54,394,78,111,398,113,43,688,129,84,0,99,61,442,0,0,0,0,0,881,46
156,43,390,227,109,350,80,59,456,31,157,604,240,50,0,44,55,489,0,0,0,0,0,801,89,63,168,197,49,357,71,87,380,124,43,676,126,77,0,70,56,400,0,0,0,0,0,912,48
157,51,294,181,125,401,92,69,389,43,184,566,289,48,0,64,64,570,0,0,0,0,0,735,81,42,333,188,67,500,100,140,575,92,41,639,119,112,0,55,49,555,0,0,0,0,0,919,48
158,38,201,182,93,298,68,87,419,41,129,627,179,41,0,81,47,418,0,0,0,0,0,807,89,35,215,182,40,293,58,94,305,137,45,710,133,87,0,72,52,304,0,0,0,0,0,937,49
159,57,282,220,112,364,84,51,474,36,133,859,259,44,0,47,58,516,0,0,0,0,0,1017,113,47,235,151,53,392,78,110,513,135,54,851,159,129,0,85,70,394,0,0,0,0,0,1057,55
160,77,303,248,100,320,73,78,142,39,147,632,261,32,0,44,52,461,0,0,0,0,0,863,95,35,334,146,48,352,70,47,569,126,46,725,136,61,0,52,60,409,0,0,0,0,0,873,45
161,60,303,155,164,527,121,145,526,66,153,557,234,65,0,86,84,747,0,0,0,0,0,772,85,60,373,176,77,571,114,166,447,200,44,686,128,116,0,126,69,646,0,0,0,0,0,977,51
162,49,316,211,166,534,123,161,610,36,147,724,271,86,0,57,82,737,0,0,0,0,0,987,109,74,332,135,76,563,112,177,391,182,53,835,156,107,0,92,70,644,0,0,0,0,0,1090,57
163,71,354,319,130,420,97,170,447,60,134,538,227,62,0,96,65,585,0,0,0,0,0,925,102,88,276,200,49,362,72,146,439,200,52,816,153,65,0,88,64,418,0,0,0,0,0,1104,58
164,55,315,292,152,490,113,171,390,62,142,542,201,46,0,120,79,709,0,0,0,0,0,905,100,87,260,191,69,513,102,110,450,188,52,820,153,139,0,134,58,545,0,0,0,0,0,1065,56
165,69,320,156,148,475,109,128,512,60,129,591,271,75,0,57,73,657,0,0,0,0,0,788,87,86,313,235,68,504,100,160,456,140,43,676,126,138,0,112,64,534,0,0,0,0,0,1018,53
166,57,400,204,158,508,117,153,332,61,97,682,218,75,0,93,79,708,0,0,0,0,0,936,103,73,196,163,79,584,116,94,407,130,52,823,154,111,0,109,92,668,0,0,0,0,0,1026,54
167,72,350,185,151,484,111,194,1004,67,116,436,202,81,0,102,74,665,0,0,0,0,0,734,81,81,311,209,64,474,94,175,331,184,43,668,125,95,0,71,71,537,0,0,0,0,0,1000,52
168,65,269,134,171,551,127,159,565,59,114,581,280,94,0,93,84,755,0,0,0,0,0,787,87,73,291,117,89,661,132,150,334,105,44,704,132,96,0,119,74,786,0,0,0,0,0,923,48
169,80,356,237,164,527,121,156,626,54,112,645,333,69,0,72,83,743,0,0,0,0,0,935,103,91,258,158,71,531,106,160,468,204,51,805,151,131,0,107,96,577,0,0,0,0,0,1067,56
170,84,368,230,143,462,106,153,406,69,128,739,202,58,0,72,73,653,0,0,0,0,0,1010,112,80,179,135,69,507,101,148,474,139,55,865,162,77,0,137,59,600,0,0,0,0,0,1091,57
171,53,381,120,176,570,131,158,439,80,133,578,317,61,0,75,91,816,0,0,0,0,0,771,85,81,272,188,94,697,139,167,446,129,44,676,126,84,0,120,101,846,0,0,0,0,0,980,51
172,68,384,188,220,711,164,152,362,75,196,493,112,74,0,130,114,1021,0,0,0,0,0,750,83,79,216,134,119,885,177,86,388,171,44,704,132,163,0,94,77,1018,0,0,0,0,0,878,46
173,89,316,263,144,464,107,125,573,73,98,488,278,57,0,58,74,658,0,0,0,0,0,789,87,86,367,137,70,514,102,138,451,132,43,677,127,145,0,123,90,541,0,0,0,0,0,905,47
174,38,423,322,144,462,106,113,410,60,148,637,290,68,0,91,72,644,0,0,0,0,0,965,107,42,408,195,70,522,104,172,499,152,54,844,158,82,0,104,86,614,0,0,0,0,0,1151,60
175,64,276,309,174,561,129,157,418,54,157,468,231,80,0,133,88,784,0,0,0,0,0,841,93,56,271,125,93,693,138,174,393,123,49,779,146,91,0,130,74,833,0,0,0,0,0,1025,53
176,50,368,279,187,604,139,153,597,48,88,436,255,99,0,82,93,831,0,0,0,0,0,782,86,81,461,139,86,637,127,88,418,206,44,691,129,108,0,83,91,742,0,0,0,0,0,873,45
177,67,348,243,150,484,111,173,553,82,102,792,111,78,0,87,75,667,0,0,0,0,0,1088,120,101,376,202,66,484,96,157,366,157,59,940,176,94,0,111,73,552,0,0,0,0,0,1235,64
178,76,387,271,168,541,124,194,457,63,86,501,203,95,0,109,82,738,0,0,0,0,0,870,96,100,218,121,75,558,111,108,353,162,50,783,146,109,0,98,65,635,0,0,0,0,0,962,50
179,60,470,255,170,551,127,161,517,63,125,524,258,67,0,126,87,781,0,0,0,0,0,846,94,120,248,238,78,573,114,165,455,175,50,777,145,108,0,110,54,657,0,0,0,0,0,1121,59
180,40,350,137,164,530,122,70,338,74,125,496,269,95,0,80,81,721,0,0,0,0,0,633,70,89,247,192,82,609,121,96,387,104,37,570,106,115,0,128,80,697,0,0,0,0,0,816,42
181,67,438,244,192,621,143,193,552,70,155,454,145,143,0,151,91,813,0,0,0,0,0,802,89,47,380,157,80,594,118,110,250,263,49,762,142,68,0,32,91,724,0,0,0,0,0,978,51
182,69,279,230,172,556,128,134,424,49,194,564,203,91,0,165,85,765,0,0,0,0,0,836,92,74,378,134,73,540,108,136,328,236,51,800,150,120,0,80,73,601,0,0,0,0,0,1017,53
183,67,305,233,160,518,119,210,434,66,26,725,224,157,0,167,72,640,0,0,0,0,0,1052,116,76,242,132,68,506,101,89,310,130,62,975,182,37,0,72,86,638,0,0,0,0,0,1137,59
184,68,428,248,131,423,97,157,511,80,149,570,224,111,0,147,61,540,0,0,0,0,0,878,97,84,419,163,56,415,83,177,324,102,52,820,153,96,0,72,90,458,0,0,0,0,0,1102,58
185,51,496,205,148,479,110,171,327,66,145,471,144,88,0,139,73,649,0,0,0,0,0,763,84,79,461,193,65,481,96,223,362,162,46,721,135,110,0,93,45,532,0,0,0,0,0,1081,56
186,55,423,196,162,524,121,136,418,57,149,557,215,122,0,132,77,685,0,0,0,0,0,801,88,67,447,174,77,569,113,119,253,126,48,746,139,97,0,105,108,662,0,0,0,0,0,988,51
187,61,306,214,169,544,125,111,349,53,196,495,109,157,0,118,76,681,0,0,0,0,0,738,82,87,307,95,69,504,100,142,422,166,44,684,128,44,0,114,65,629,0,0,0,0,0,875,46
188,72,485,215,152,494,114,117,346,72,156,423,246,109,0,198,73,651,0,0,0,0,0,680,75,42,457,163,67,495,99,65,301,187,45,702,131,98,0,78,75,563,0,0,0,0,0,884,46
189,82,390,336,147,475,109,130,486,37,149,518,250,78,0,136,73,653,0,0,0,0,0,886,98,43,380,193,70,513,102,130,224,170,52,817,153,89,0,72,78,596,0,0,0,0,0,1083,57
190,82,465,273,173,558,128,174,435,67,167,442,155,141,0,48,80,718,0,0,0,0,0,801,88,67,470,236,70,521,104,134,185,210,43,679,127,60,0,113,52,635,0,0,0,0,0,997,52
191,71,350,214,178,574,132,191,434,64,171,622,141,82,0,169,90,802,0,0,0,0,0,925,102,46,322,206,83,617,123,189,302,229,55,875,164,95,0,60,89,728,0,0,0,0,0,1207,63
192,50,375,348,173,559,129,218,246,57,163,443,154,150,0,202,79,711,0,0,0,0,0,909,100,56,323,103,78,574,114,151,228,160,57,888,166,76,0,60,66,690,0,0,0,0,0,1085,57
193,56,278,292,131,421,97,159,421,68,159,544,193,127,0,184,58,522,0,0,0,0,0,896,99,81,359,194,49,359,71,147,376,140,54,864,162,78,0,54,68,401,0,0,0,0,0,1145,60
194,52,417,218,166,535,123,149,410,53,165,530,126,111,0,172,80,713,0,0,0,0,0,808,89,56,387,186,77,570,114,118,252,167,49,784,147,49,0,86,83,712,0,0,0,0,0,1034,54
195,78,325,190,144,465,107,162,355,67,179,492,121,87,0,110,70,629,0,0,0,0,0,760,84,45,93,111,57,423,84,193,346,231,44,696,130,75,0,125,70,489,0,0,0,0,0,950,50
196,60,455,148,154,496,114,227,316,53,150,440,140,117,0,142,72,647,0,0,0,0,0,734,81,85,293,187,56,417,83,127,221,217,45,700,131,97,0,110,60,459,0,0,0,0,0,964,50
197,59,333,256,157,507,117,166,328,41,145,667,188,124,0,110,74,657,0,0,0,0,0,981,108,53,321,113,73,542,108,123,267,136,56,872,163,70,0,93,55,653,0,0,0,0,0,1053,55
198,49,339,188,149,480,110,199,428,63,190,546,189,138,0,152,67,601,0,0,0,0,0,840,93,61,385,152,64,468,93,107,266,139,51,793,148,102,0,63,71,523,0,0,0,0,0,1000,52
199,52,367,164,138,443,102,167,448,95,212,525,192,156,0,189,59,527,0,0,0,0,0,771,85,74,400,214,56,413,82,155,268,99,48,768,144,90,0,56,76,461,0,0,0,0,0,1081,56
200,63,299,236,108,347,80,146,453,63,158,631,186,88,0,134,50,447,0,0,0,0,0,912,101,46,504,179,49,365,73,231,356,86,54,836,156,56,0,80,40,431,0,0,0,0,0,1184,62
201,56,379,243,158,512,118,124,472,76,88,555,143,127,0,98,74,661,0,0,0,0,0,830,92,50,440,221,62,458,91,44,394,227,47,742,139,80,0,36,63,531,0,0,0,0,0,957,50
202,26,348,291,170,547,126,132,537,57,84,401,106,138,0,187,79,705,0,0,0,0,0,742,82,43,381,249,72,533,106,48,328,208,47,743,139,88,0,79,51,623,0,0,0,0,0,988,52
203,66,378,205,172,557,128,178,426,91,119,552,185,142,0,141,80,715,0,0,0,0,0,842,93,63,402,222,69,516,103,59,356,216,50,786,147,73,0,80,58,615,0,0,0,0,0,1014,53
204,66,420,303,182,587,135,150,435,57,119,501,142,159,0,244,83,745,0,0,0,0,0,859,95,67,558,234,79,591,118,48,429,170,56,882,165,85,0,100,83,703,0,0,0,0,0,1106,58
205,63,398,303,220,712,164,187,312,62,103,278,183,152,0,183,105,944,0,0,0,0,0,692,76,62,330,202,106,786,157,36,320,201,44,700,131,72,0,99,45,977,0,0,0,0,0,892,46
206,69,411,260,187,604,139,167,519,86,91,554,145,138,0,186,88,792,0,0,0,0,0,883,98,43,381,203,96,708,141,53,283,129,54,855,160,75,0,52,56,870,0,0,0,0,0,1056,55
207,51,340,262,182,587,135,101,393,57,57,502,222,112,0,247,89,792,0,0,0,0,0,779,86,85,435,188,75,553,110,38,439,243,53,820,153,51,0,107,73,687,0,0,0,0,0,994,52
208,64,408,370,174,563,130,96,407,73,83,441,186,175,0,170,77,692,0,0,0,0,0,817,90,49,330,221,62,462,92,66,363,258,50,789,148,81,0,90,66,535,0,0,0,0,0,1023,53
209,71,511,217,194,628,145,144,458,81,126,497,176,153,0,177,91,814,0,0,0,0,0,773,85,58,280,185,87,647,129,34,450,200,48,760,142,85,0,78,55,778,0,0,0,0,0,931,48
210,54,403,375,157,506,116,116,445,70,81,547,112,118,0,184,74,661,0,0,0,0,0,935,103,55,397,171,65,481,96,54,358,199,57,895,167,111,0,80,43,531,0,0,0,0,0,1064,56
211,58,323,248,185,597,137,212,412,60,96,788,245,190,0,172,81,729,0,0,0,0,0,1124,124,60,390,231,73,538,107,53,346,212,66,1036,194,74,0,72,64,644,0,0,0,0,0,1254,66
212,65,306,277,192,624,144,120,273,68,102,568,160,164,0,153,89,796,0,0,0,0,0,869,96,44,367,165,75,552,110,65,298,289,52,817,153,77,0,72,39,660,0,0,0,0,0,995,52
213,56,484,246,164,529,122,131,506,67,101,543,156,147,0,202,75,668,0,0,0,0,0,828,92,39,400,265,64,468,93,43,492,236,52,824,154,73,0,76,76,552,0,0,0,0,0,1076,56
214,71,254,159,139,445,102,183,366,55,90,333,175,137,0,220,61,549,0,0,0,0,0,608,67,56,396,81,43,312,62,38,398,242,42,662,124,83,0,86,68,334,0,0,0,0,0,742,39
215,38,411,217,179,577,133,172,365,39,139,360,176,143,0,165,83,746,0,0,0,0,0,675,74,70,459,177,72,528,105,43,309,231,42,672,126,101,0,60,50,604,0,0,0,0,0,848,44
216,43,318,271,195,631,145,101,437,56,95,451,174,129,0,161,94,842,0,0,0,0,0,741,82,62,517,111,83,612,122,56,484,262,46,721,135,68,0,73,60,749,0,0,0,0,0,844,44
217,48,398,314,188,607,140,157,615,68,96,508,125,103,0,207,93,832,0,0,0,0,0,882,97,45,445,133,87,643,128,53,326,237,55,871,163,71,0,76,61,787,0,0,0,0,0,1005,52
218,53,445,270,193,624,144,131,440,81,117,653,117,125,0,184,93,836,0,0,0,0,0,949,105,46,251,177,91,669,133,47,473,214,58,906,169,90,0,53,53,803,0,0,0,0,0,1074,56
219,60,499,283,196,633,146,145,447,54,108,532,183,170,0,151,90,805,0,0,0,0,0,864,96,44,351,218,87,650,130,48,322,201,51,812,152,94,0,76,73,773,0,0,0,0,0,1025,53
220,63,244,265,150,485,112,134,437,95,138,316,214,179,0,188,64,568,0,0,0,0,0,644,71,37,470,177,48,354,70,62,339,241,43,665,124,118,0,101,64,354,0,0,0,0,0,859,45
221,54,447,206,173,557,128,165,489,69,87,390,129,174,0,223,76,684,0,0,0,0,0,685,76,68,232,143,61,450,90,86,316,242,46,726,136,56,0,62,128,545,0,0,0,0,0,908,47
222,77,369,250,160,517,119,126,364,68,126,470,129,163,0,221,71,633,0,0,0,0,0,762,84,79,405,170,71,526,105,100,413,99,50,786,147,118,0,82,239,584,0,0,0,0,0,1004,52
223,62,405,197,208,673,155,140,389,51,86,374,132,195,0,246,94,841,0,0,0,0,0,640,71,78,425,214,79,579,115,78,276,278,46,708,132,86,0,84,165,687,0,0,0,0,0,950,50
224,60,334,211,194,628,145,165,324,78,107,633,157,229,0,228,83,738,0,0,0,0,0,909,100,95,234,140,71,530,106,73,352,196,58,909,170,75,0,58,182,632,0,0,0,0,0,1066,56
225,53,512,214,177,573,132,178,294,44,97,310,173,166,0,207,80,716,0,0,0,0,0,632,70,82,428,197,71,525,105,82,296,189,43,671,125,70,0,74,138,631,0,0,0,0,0,903,47
226,52,492,356,224,728,168,109,454,74,106,408,165,175,0,152,105,945,0,0,0,0,0,786,87,45,352,240,85,627,125,99,353,378,48,750,140,105,0,92,152,732,0,0,0,0,0,1035,54
227,58,314,328,183,590,136,89,525,79,81,469,213,222,0,166,77,687,0,0,0,0,0,798,88,92,429,198,64,471,94,90,324,201,49,771,144,50,0,50,165,579,0,0,0,0,0,1007,52
228,73,304,278,204,663,153,167,334,60,111,582,110,262,0,206,85,758,0,0,0,0,0,925,102,62,531,137,81,603,120,68,279,178,58,904,169,75,0,68,161,729,0,0,0,0,0,1054,55
229,56,479,166,170,548,126,131,297,72,108,383,172,188,0,167,73,656,0,0,0,0,0,612,68,68,403,163,53,387,77,62,405,274,40,623,116,82,0,64,141,435,0,0,0,0,0,806,42
230,67,363,320,175,568,131,108,519,65,85,346,219,196,0,181,76,678,0,0,0,0,0,697,77,61,438,153,72,528,105,139,349,165,45,702,131,41,0,57,122,664,0,0,0,0,0,945,49
231,42,425,231,200,648,149,131,364,60,156,775,225,163,0,207,93,834,0,0,0,0,0,1024,113,58,313,167,91,677,135,63,241,192,63,984,184,45,0,52,177,858,0,0,0,0,0,1154,60
232,60,478,357,155,501,115,162,381,54,110,618,98,180,0,180,66,591,0,0,0,0,0,1024,113,78,451,157,56,412,82,99,315,167,61,963,180,80,0,56,203,470,0,0,0,0,0,1159,60
233,75,356,253,230,745,172,150,315,71,121,582,127,271,0,242,98,876,0,0,0,0,0,887,98,99,207,200,90,672,134,93,261,203,57,903,169,95,0,71,142,801,0,0,0,0,0,1137,59
234,51,485,274,175,565,130,174,272,20,144,670,201,129,0,297,83,741,0,0,0,0,0,1007,111,105,414,187,64,477,95,43,347,242,66,1043,195,66,0,84,174,570,0,0,0,0,0,1210,63
235,60,344,385,199,640,147,138,267,98,127,500,175,229,0,226,85,757,0,0,0,0,0,921,102,81,403,219,74,549,109,73,332,212,58,917,172,61,0,92,98,671,0,0,0,0,0,1149,60
236,56,454,176,172,556,128,149,271,56,93,364,189,149,0,155,79,707,0,0,0,0,0,621,68,48,289,161,59,433,86,40,452,305,40,620,116,58,0,60,105,520,0,0,0,0,0,780,41
237,50,575,219,163,523,120,86,431,73,115,411,172,101,0,226,79,705,0,0,0,0,0,645,71,92,451,111,56,412,82,73,384,280,45,696,130,66,0,80,164,484,0,0,0,0,0,836,44
238,77,329,258,160,517,119,164,310,45,142,421,146,164,0,239,71,632,0,0,0,0,0,759,84,53,391,153,66,484,96,78,317,166,51,798,149,71,0,75,109,575,0,0,0,0,0,978,51
239,59,453,311,204,659,152,141,285,84,99,693,121,151,0,216,97,864,0,0,0,0,0,1031,114,82,410,175,74,544,108,68,310,335,63,997,187,63,0,77,177,663,0,0,0,0,0,1178,62
240,63,384,372,188,608,140,154,248,58,131,429,140,184,0,209,84,752,0,0,0,0,0,860,95,121,330,141,58,431,86,67,355,284,54,855,160,74,0,89,133,501,0,0,0,0,0,1010,53
241,70,381,193,176,569,131,145,219,55,211,478,163,188,0,150,77,688,0,0,0,0,0,735,81,66,267,180,72,531,106,77,346,168,45,708,132,76,0,99,143,633,0,0,0,0,0,917,48
242,85,514,207,156,501,115,170,359,38,177,353,192,168,0,202,68,604,0,0,0,0,0,657,73,77,334,119,54,405,81,102,215,190,44,687,128,92,0,68,204,448,0,0,0,0,0,863,45
243,71,426,250,188,607,140,96,442,60,234,424,206,171,0,232,85,764,0,0,0,0,0,693,77,99,407,156,67,492,98,79,363,258,47,740,138,52,0,67,186,605,0,0,0,0,0,927,48
244,75,455,193,172,555,128,137,452,69,212,421,119,185,0,223,75,670,0,0,0,0,0,676,75,55,443,191,68,503,100,46,312,187,46,719,134,90,0,88,236,581,0,0,0,0,0,909,47
245,63,317,204,174,562,129,171,302,72,195,294,159,190,0,193,76,675,0,0,0,0,0,603,66,104,414,247,57,420,84,75,400,227,41,636,119,79,0,70,266,482,0,0,0,0,0,911,47
246,61,435,151,165,532,122,134,334,56,209,385,176,161,0,139,74,658,0,0,0,0,0,603,67,71,451,171,54,402,80,69,470,259,38,593,111,80,0,55,118,456,0,0,0,0,0,792,41
247,80,380,210,178,573,132,100,255,62,135,303,152,208,0,301,75,675,0,0,0,0,0,552,61,58,436,129,70,514,102,41,410,178,44,682,127,58,0,71,180,628,0,0,0,0,0,810,42
248,53,422,165,188,609,140,199,380,39,212,337,93,182,0,202,84,755,0,0,0,0,0,631,70,95,469,194,67,496,99,47,348,248,43,666,124,70,0,68,170,592,0,0,0,0,0,862,45
249,66,387,227,183,590,136,127,341,46,189,343,147,209,0,190,78,700,0,0,0,0,0,628,69,102,365,197,67,494,98,78,374,182,42,654,122,65,0,89,213,594,0,0,0,0,0,883,46
250,54,299,261,148,478,110,91,360,56,159,336,185,131,0,200,68,605,0,0,0,0,0,620,68,104,363,190,59,434,86,75,307,135,41,656,123,64,0,63,145,515,0,0,0,0,0,875,46
251,91,434,382,212,686,158,110,381,94,213,413,131,232,0,218,92,824,0,0,0,0,0,815,90,84,332,215,82,609,121,83,302,223,53,826,154,46,0,103,210,766,0,0,0,0,0,1068,56
252,70,450,287,187,607,140,82,436,78,139,576,163,176,0,169,85,758,0,0,0,0,0,851,94,65,485,202,72,540,108,75,339,238,51,816,153,71,0,84,170,649,0,0,0,0,0,1039,54
253,74,400,341,218,703,162,107,492,41,160,484,167,246,0,241,94,837,0,0,0,0,0,839,93,45,172,224,73,546,109,80,239,340,54,864,162,72,0,54,103,656,0,0,0,0,0,1110,58
254,87,301,174,187,605,139,116,381,82,290,437,184,190,0,146,83,741,0,0,0,0,0,655,72,83,468,169,74,547,109,82,371,194,41,640,120,89,0,52,158,641,0,0,0,0,0,847,44
255,101,417,245,204,658,151,150,194,60,144,611,156,204,0,192,90,809,0,0,0,0,0,906,100,74,381,225,86,642,128,70,341,183,56,878,164,62,0,71,122,794,0,0,0,0,0,1115,58
256,79,441,258,187,603,139,61,450,46,195,529,189,259,0,133,75,670,0,0,0,0,0,764,84,57,491,151,63,464,92,40,435,224,46,717,134,72,0,99,163,547,0,0,0,0,0,863,45
257,39,496,214,160,516,119,154,451,52,131,282,109,204,0,129,66,591,0,0,0,0,0,585,65,104,342,163,55,407,81,41,313,146,36,571,107,60,0,74,196,483,0,0,0,0,0,737,38
258,70,464,257,188,605,139,171,300,61,134,340,201,228,0,199,79,704,0,0,0,0,0,692,76,92,427,128,64,472,94,65,424,219,46,712,133,69,0,66,133,561,0,0,0,0,0,860,45
259,70,271,327,160,515,118,164,329,67,156,359,161,199,0,195,66,594,0,0,0,0,0,765,85,64,355,150,53,390,78,98,325,206,48,768,144,61,0,66,163,460,0,0,0,0,0,966,50
260,83,436,220,199,640,147,179,223,41,223,408,156,152,0,188,93,834,0,0,0,0,0,727,80,80,381,136,74,549,109,75,489,298,46,732,137,76,0,41,159,656,0,0,0,0,0,896,47
261,59,588,150,172,557,128,120,282,69,72,650,131,214,0,179,72,643,0,0,0,0,0,828,92,32,445,137,71,526,105,90,436,157,51,805,151,79,0,46,211,623,0,0,0,0,0,981,51
262,68,258,258,168,543,125,148,439,72,58,486,123,175,0,281,74,661,0,0,0,0,0,803,89,62,461,158,62,456,91,37,505,217,55,867,162,60,0,71,268,549,0,0,0,0,0,1009,53
263,74,389,241,173,557,128,102,475,59,63,424,160,132,0,166,81,726,0,0,0,0,0,691,76,65,300,155,70,525,105,90,293,217,44,685,128,65,0,110,131,635,0,0,0,0,0,884,46
264,43,628,180,188,607,140,81,325,47,55,214,113,263,0,254,75,672,0,0,0,0,0,428,47,42,441,129,72,537,107,61,395,168,35,545,102,68,0,48,187,648,0,0,0,0,0,699,36
265,120,339,227,186,602,139,104,390,56,59,632,150,161,0,219,86,766,0,0,0,0,0,867,96,58,345,146,76,567,113,63,301,227,56,868,162,69,0,73,114,687,0,0,0,0,0,1024,53
266,85,463,331,195,627,144,149,347,76,68,559,151,239,0,174,81,727,0,0,0,0,0,936,103,52,532,131,70,520,104,62,436,236,56,888,166,58,0,54,199,636,0,0,0,0,0,1027,54
267,75,344,281,161,521,120,113,324,81,67,507,151,134,0,234,75,668,0,0,0,0,0,811,90,51,363,150,67,493,98,79,478,199,53,836,156,83,0,80,146,575,0,0,0,0,0,1012,53
268,75,376,200,201,650,150,91,242,74,51,385,122,232,0,214,86,769,0,0,0,0,0,609,67,28,416,166,76,558,111,64,386,269,42,658,123,70,0,75,162,675,0,0,0,0,0,844,44
269,79,318,259,194,625,144,106,503,51,69,348,111,207,0,193,84,756,0,0,0,0,0,642,71,36,447,219,78,585,117,48,394,219,42,668,125,91,0,74,121,689,0,0,0,0,0,889,46
270,72,410,256,193,622,143,133,237,59,58,409,142,216,0,233,83,742,0,0,0,0,0,719,79,61,583,182,77,569,113,47,235,195,49,761,142,80,0,65,182,679,0,0,0,0,0,941,49
271,109,471,136,197,637,147,119,356,42,51,726,145,198,0,206,87,783,0,0,0,0,0,883,98,53,355,167,90,672,134,64,418,145,55,871,163,100,0,79,193,796,0,0,0,0,0,1047,55
272,65,393,301,148,481,111,121,427,78,47,425,180,188,0,236,62,552,0,0,0,0,0,763,84,62,563,174,64,469,93,38,300,83,51,799,149,72,0,69,222,554,0,0,0,0,0,961,50
273,82,365,244,174,563,130,122,400,66,39,556,189,152,0,257,80,715,0,0,0,0,0,830,92,64,619,161,64,469,93,36,298,262,55,869,163,52,0,51,208,574,0,0,0,0,0,1013,53
274,73,375,256,150,482,111,134,291,39,40,444,159,182,0,219,63,561,0,0,0,0,0,751,83,60,420,171,44,318,63,59,384,246,49,776,145,67,0,60,190,358,0,0,0,0,0,956,50
275,112,393,180,177,570,131,107,278,67,68,653,178,222,0,181,73,656,0,0,0,0,0,846,94,49,411,145,68,506,101,16,410,174,52,821,154,76,0,79,139,599,0,0,0,0,0,933,49
276,116,410,264,183,588,135,110,265,48,32,569,159,204,0,209,79,702,0,0,0,0,0,849,94,42,445,166,70,525,105,66,445,214,54,846,158,80,0,58,159,620,0,0,0,0,0,1025,53
277,79,427,306,167,542,125,125,424,39,54,710,128,230,0,238,68,604,0,0,0,0,0,1027,114,51,449,119,56,420,84,76,405,201,64,1012,189,63,0,51,228,497,0,0,0,0,0,1147,60
278,119,433,189,166,536,123,151,287,76,46,510,115,228,0,188,67,597,0,0,0,0,0,765,85,45,565,99,61,449,89,42,331,170,49,762,142,55,0,80,163,544,0,0,0,0,0,858,45
279,66,373,193,190,615,142,78,321,60,62,405,148,276,0,245,75,671,0,0,0,0,0,609,67,56,392,120,78,576,115,53,398,114,43,683,128,57,0,64,278,712,0,0,0,0,0,814,42
280,84,406,186,154,497,114,104,322,55,52,521,190,137,0,298,70,628,0,0,0,0,0,730,81,31,390,115,65,485,97,82,384,182,52,822,154,65,0,71,216,582,0,0,0,0,0,969,50
281,136,475,238,206,666,153,116,337,71,167,215,156,256,0,175,86,769,0,0,0,0,0,513,56,59,618,254,78,577,115,141,257,219,35,550,103,91,0,73,103,679,0,0,0,0,0,898,47
282,97,521,157,208,673,155,98,463,63,151,356,133,171,0,174,97,865,0,0,0,0,0,550,61,59,514,128,88,657,131,80,315,246,37,579,108,101,0,49,96,775,0,0,0,0,0,748,39
283,134,468,226,208,671,154,126,317,50,187,397,133,186,0,255,95,847,0,0,0,0,0,675,74,71,445,121,85,631,126,64,262,240,47,744,139,55,0,95,124,787,0,0,0,0,0,883,46
284,113,371,295,175,566,130,125,301,87,142,453,156,144,0,245,81,727,0,0,0,0,0,786,87,91,482,182,82,603,120,79,284,114,53,824,154,89,0,72,157,716,0,0,0,0,0,1031,54
285,114,520,180,194,628,145,156,421,55,222,290,152,202,0,199,85,765,0,0,0,0,0,564,62,54,524,131,87,650,130,30,399,146,39,610,114,79,0,85,122,788,0,0,0,0,0,733,38
286,134,591,329,164,529,122,63,436,63,155,362,157,89,0,278,81,726,0,0,0,0,0,679,75,34,334,233,80,592,118,79,418,181,49,765,143,96,0,89,100,694,0,0,0,0,0,1024,53
287,123,572,211,217,702,162,108,463,43,229,410,105,220,0,197,96,861,0,0,0,0,0,657,72,41,447,245,95,699,139,112,428,217,43,683,128,47,0,79,129,886,0,0,0,0,0,988,52
288,172,504,222,203,656,151,129,439,56,117,411,71,218,0,219,88,792,0,0,0,0,0,686,76,45,578,159,79,586,117,108,228,249,46,724,135,89,0,63,101,693,0,0,0,0,0,942,49
289,67,520,305,196,637,147,118,368,58,227,399,153,189,0,244,88,791,0,0,0,0,0,740,82,57,675,152,81,606,121,64,410,216,50,787,147,73,0,78,129,735,0,0,0,0,0,953,50
290,115,554,236,174,564,130,162,361,44,153,308,125,214,0,183,73,654,0,0,0,0,0,636,70,38,349,162,68,503,100,103,315,186,42,655,122,82,0,94,154,589,0,0,0,0,0,874,46
291,90,510,306,190,613,141,108,509,73,168,384,174,196,0,246,84,748,0,0,0,0,0,719,79,52,552,191,79,588,117,99,400,192,49,772,144,93,0,73,146,691,0,0,0,0,0,1009,53
292,179,253,347,211,682,157,167,335,67,158,478,140,171,0,122,98,879,0,0,0,0,0,893,99,45,593,243,92,684,136,63,269,248,51,812,152,78,0,92,137,834,0,0,0,0,0,1063,55
293,129,302,292,196,635,146,95,247,46,141,410,112,161,0,273,91,816,0,0,0,0,0,718,79,50,443,204,91,676,135,111,276,181,51,792,148,93,0,75,168,809,0,0,0,0,0,1052,55
294,109,657,190,216,699,161,108,428,62,115,390,158,194,0,207,98,882,0,0,0,0,0,620,68,59,404,252,106,792,158,92,325,129,42,661,124,112,0,70,129,944,0,0,0,0,0,955,50
295,110,592,92,218,704,162,91,424,51,174,376,209,120,0,171,108,964,0,0,0,0,0,504,55,49,616,114,100,744,148,92,416,279,34,540,101,100,0,93,172,892,0,0,0,0,0,709,37
296,154,510,217,220,711,164,115,755,55,192,476,171,258,0,248,93,837,0,0,0,0,0,728,80,57,553,146,94,701,140,128,263,172,50,780,146,83,0,63,124,852,0,0,0,0,0,1002,52
297,106,523,222,193,623,143,150,363,43,119,474,166,217,0,167,83,742,0,0,0,0,0,762,84,59,568,154,85,630,126,39,314,136,47,743,139,75,0,88,110,766,0,0,0,0,0,890,46
298,147,561,249,169,547,126,127,493,59,129,336,178,165,0,192,76,677,0,0,0,0,0,641,71,77,484,159,78,579,115,85,393,97,43,666,124,81,0,96,126,691,0,0,0,0,0,865,45
299,134,515,231,254,822,189,84,450,54,225,365,146,205,0,222,118,1060,0,0,0,0,0,612,68,39,409,172,124,918,183,124,184,221,42,667,125,99,0,77,104,1126,0,0,0,0,0,915,48
300,148,787,221,231,750,173,154,348,58,175,382,151,264,0,120,99,890,0,0,0,0,0,682,75,54,395,202,91,672,134,120,432,263,41,641,120,72,0,78,86,825,0,0,0,0,0,915,48
301,63,693,215,248,806,186,70,330,57,48,462,143,201,0,179,116,1039,0,0,0,0,0,673,74,57,521,257,124,922,184,51,157,176,44,681,127,128,0,97,147,1102,0,0,0,0,0,940,49
302,130,686,153,213,690,159,128,286,56,76,401,111,216,0,164,94,846,0,0,0,0,0,614,68,40,653,229,98,728,145,99,333,172,40,622,116,109,0,91,103,862,0,0,0,0,0,903,47
303,99,451,250,219,709,163,117,559,68,34,520,107,112,0,287,109,979,0,0,0,0,0,799,88,57,701,233,109,810,162,92,335,221,56,868,162,94,0,91,109,987,0,0,0,0,0,1134,59
304,122,463,239,234,755,174,121,411,66,58,519,186,164,0,217,112,999,0,0,0,0,0,792,87,29,638,185,135,999,199,63,297,83,51,807,151,67,0,68,112,1266,0,0,0,0,0,1003,52
305,122,645,225,225,727,167,121,521,76,66,672,136,151,0,201,108,968,0,0,0,0,0,917,101,53,871,171,120,896,179,81,260,127,57,894,167,94,0,86,87,1101,0,0,0,0,0,1089,57
306,87,642,311,204,660,152,131,328,67,42,505,142,245,0,184,86,771,0,0,0,0,0,853,94,71,577,216,80,597,119,78,330,189,53,829,155,60,0,82,93,736,0,0,0,0,0,1067,56
307,114,665,179,216,702,162,99,487,96,58,243,171,208,0,237,97,872,0,0,0,0,0,469,52,41,784,181,98,728,145,96,387,200,37,564,105,73,0,74,87,898,0,0,0,0,0,799,42
308,87,722,299,255,828,191,100,422,95,41,408,164,215,0,175,118,1059,0,0,0,0,0,727,80,60,525,168,124,926,185,98,324,191,46,721,135,119,0,85,109,1116,0,0,0,0,0,938,49
309,90,584,224,190,615,142,124,467,57,53,467,150,150,0,229,89,797,0,0,0,0,0,734,81,54,488,171,85,630,126,97,315,202,49,770,144,113,0,103,103,728,0,0,0,0,0,987,51
310,91,728,207,225,726,167,110,653,77,61,445,198,228,0,216,99,890,0,0,0,0,0,686,76,35,671,177,99,741,148,92,479,213,46,721,135,104,0,117,92,884,0,0,0,0,0,941,49
311,118,658,212,249,804,185,102,312,86,40,426,165,176,0,259,119,1062,0,0,0,0,0,666,74,74,729,235,118,880,176,81,377,227,47,740,138,54,0,83,82,1120,0,0,0,0,0,1004,52
312,113,580,365,225,729,168,124,419,72,41,509,176,200,0,262,103,922,0,0,0,0,0,899,99,51,704,264,104,768,153,83,207,206,59,928,174,98,0,93,78,927,0,0,0,0,0,1212,63
313,82,688,281,231,747,172,111,292,42,63,268,176,208,0,257,105,942,0,0,0,0,0,594,66,48,545,220,119,883,176,73,334,116,44,680,127,78,0,94,97,1100,0,0,0,0,0,925,48
314,109,646,288,255,824,190,88,657,95,54,492,180,218,0,221,117,1051,0,0,0,0,0,782,86,48,816,124,123,914,182,106,354,206,51,802,150,71,0,105,113,1148,0,0,0,0,0,981,51
315,103,823,246,253,820,189,127,389,50,42,503,204,241,0,201,114,1021,0,0,0,0,0,789,87,63,480,186,115,860,172,85,255,212,50,792,148,89,0,104,90,1058,0,0,0,0,0,1010,53
316,128,718,206,248,803,185,136,574,79,62,412,214,219,0,207,114,1017,0,0,0,0,0,679,75,48,648,172,117,871,174,92,186,212,46,708,132,107,0,93,100,1055,0,0,0,0,0,924,48
317,88,456,284,248,803,185,130,451,41,41,399,185,195,0,199,116,1041,0,0,0,0,0,732,81,68,449,109,124,926,185,61,399,163,48,744,139,99,0,120,119,1136,0,0,0,0,0,869,45
318,73,234,289,163,525,121,158,397,101,62,500,155,136,0,215,75,673,0,0,0,0,0,853,94,37,742,142,72,540,108,54,339,171,54,854,160,81,0,119,87,639,0,0,0,0,0,998,52
319,129,618,227,226,730,168,125,417,68,41,550,183,218,0,175,101,906,0,0,0,0,0,812,90,52,715,119,100,750,150,68,328,205,50,789,148,99,0,84,94,901,0,0,0,0,0,928,48
320,94,637,183,259,835,192,151,437,75,34,493,209,237,0,177,117,1049,0,0,0,0,0,745,82,41,661,217,123,914,182,64,413,211,47,737,138,133,0,103,48,1086,0,0,0,0,0,968,50
321,101,620,169,233,755,174,84,410,73,124,365,207,243,0,230,103,919,0,0,0,0,0,557,61,121,749,193,101,752,150,57,437,149,40,629,118,87,0,112,183,916,0,0,0,0,0,836,43
322,97,780,161,271,877,202,93,605,46,122,434,144,211,0,129,127,1139,0,0,0,0,0,620,68,96,373,181,129,963,192,53,374,207,38,599,112,117,0,74,205,1167,0,0,0,0,0,792,41
323,110,793,134,227,734,169,119,329,67,60,374,109,204,0,183,103,926,0,0,0,0,0,565,62,102,676,171,113,834,166,59,378,93,38,598,112,104,0,139,223,1009,0,0,0,0,0,787,41
324,66,745,207,238,768,177,88,385,62,130,269,151,204,0,148,109,979,0,0,0,0,0,508,56,125,525,224,103,767,153,23,368,196,34,524,98,70,0,64,152,953,0,0,0,0,0,733,38
325,87,796,271,253,818,188,69,432,54,108,358,142,179,0,212,120,1080,0,0,0,0,0,629,69,132,500,247,122,906,181,65,274,162,43,672,126,75,0,112,182,1134,0,0,0,0,0,935,49
326,91,625,207,258,836,193,88,371,56,56,302,185,243,0,291,117,1044,0,0,0,0,0,538,59,64,734,263,115,852,170,52,502,245,42,663,124,93,0,88,176,1044,0,0,0,0,0,930,48
327,85,765,239,208,673,155,109,555,99,132,361,121,172,0,176,96,864,0,0,0,0,0,639,70,85,705,93,92,678,135,73,477,197,41,652,122,117,0,110,200,788,0,0,0,0,0,778,40
328,93,498,290,294,954,220,93,332,71,121,379,191,219,0,150,139,1249,0,0,0,0,0,686,76,92,637,257,156,1163,232,63,573,133,43,668,125,124,0,92,250,1427,0,0,0,0,0,939,49
329,95,605,147,189,611,141,115,410,69,124,475,149,146,0,196,89,795,0,0,0,0,0,664,73,99,590,214,91,674,134,30,330,111,43,688,129,106,0,98,191,793,0,0,0,0,0,886,46
330,100,763,293,274,887,204,80,500,53,93,448,154,298,0,245,119,1067,0,0,0,0,0,739,82,137,877,190,112,836,167,53,401,213,50,787,147,121,0,96,174,994,0,0,0,0,0,979,51
331,124,611,139,256,826,190,99,290,60,102,352,131,303,0,201,108,969,0,0,0,0,0,531,59,109,261,158,106,783,156,69,406,185,38,585,109,148,0,122,227,897,0,0,0,0,0,772,40
332,84,530,186,250,811,187,104,343,67,94,563,163,191,0,222,118,1057,0,0,0,0,0,768,85,79,588,154,123,917,183,67,462,179,50,792,148,120,0,120,127,1103,0,0,0,0,0,963,50
333,44,468,208,227,737,170,87,371,44,117,209,214,162,0,150,108,972,0,0,0,0,0,454,50,97,562,242,103,766,153,51,498,217,31,483,90,97,0,112,213,925,0,0,0,0,0,738,38
334,113,638,151,230,746,172,95,370,61,99,384,147,117,0,203,115,1031,0,0,0,0,0,567,63,69,773,213,116,864,172,49,543,213,39,616,115,133,0,72,225,1019,0,0,0,0,0,835,43
335,41,702,187,218,704,162,113,476,53,68,368,188,210,0,135,98,874,0,0,0,0,0,602,66,95,578,165,98,731,146,55,266,146,38,589,110,125,0,120,176,850,0,0,0,0,0,769,40
336,95,737,133,251,812,187,67,398,63,116,420,161,174,0,209,120,1076,0,0,0,0,0,558,62,100,743,168,115,860,172,37,490,236,39,613,115,85,0,131,214,1062,0,0,0,0,0,778,40
337,74,823,127,250,808,186,110,427,79,150,457,189,216,0,232,115,1028,0,0,0,0,0,625,69,78,735,195,116,870,174,73,440,195,44,685,128,88,0,76,199,1072,0,0,0,0,0,906,47
338,122,549,82,183,591,136,66,426,51,84,241,163,103,0,246,90,807,0,0,0,0,0,351,38,115,634,168,78,577,115,51,361,205,31,477,89,117,0,115,197,653,0,0,0,0,0,662,34
339,106,476,248,223,720,166,109,473,49,108,499,216,206,0,266,101,903,0,0,0,0,0,771,85,48,590,168,109,813,162,78,475,143,53,829,155,130,0,123,164,954,0,0,0,0,0,1022,53
340,102,473,264,204,663,153,102,541,59,117,295,163,192,0,219,93,828,0,0,0,0,0,595,66,77,636,225,91,680,136,57,468,164,41,651,122,106,0,110,257,801,0,0,0,0,0,887,46
341,104,573,204,210,681,157,105,444,58,137,418,162,190,0,224,96,858,0,0,0,0,0,655,72,103,645,177,98,727,145,79,460,124,45,703,131,105,0,64,176,865,0,0,0,0,0,912,47
342,79,661,181,227,737,170,76,396,55,97,513,184,156,0,235,109,978,0,0,0,0,0,693,77,74,505,223,110,825,165,43,455,188,47,742,139,105,0,115,179,995,0,0,0,0,0,958,50
343,96,579,168,253,818,188,131,351,74,134,401,162,206,0,145,118,1053,0,0,0,0,0,630,70,95,623,184,118,878,175,58,417,198,39,620,116,104,0,128,156,1067,0,0,0,0,0,819,43
344,81,629,217,227,734,169,93,350,53,74,262,89,136,0,145,111,994,0,0,0,0,0,515,57,59,736,191,119,891,178,61,457,155,33,528,99,127,0,157,147,1061,0,0,0,0,0,741,39
345,93,418,189,202,653,150,126,455,59,106,508,172,165,0,234,94,840,0,0,0,0,0,741,82,68,641,175,95,706,141,69,455,160,49,780,146,119,0,116,168,823,0,0,0,0,0,973,51
346,89,416,192,239,772,178,85,500,61,122,354,169,181,0,203,113,1008,0,0,0,0,0,568,63,78,621,92,123,913,182,81,276,130,40,616,115,70,0,142,261,1148,0,0,0,0,0,750,39
347,89,586,153,236,762,175,80,423,94,93,397,93,151,0,164,114,1022,0,0,0,0,0,567,63,103,451,251,121,901,180,94,342,132,38,584,109,79,0,115,151,1123,0,0,0,0,0,883,46
348,89,700,208,234,758,175,98,496,35,111,439,155,142,0,223,114,1025,0,0,0,0,0,671,74,72,773,168,121,894,178,91,315,173,45,715,134,45,0,116,191,1148,0,0,0,0,0,926,48
349,118,666,198,239,776,179,68,392,44,126,490,158,160,0,120,115,1034,0,0,0,0,0,681,75,90,519,205,121,902,180,71,409,157,41,640,120,114,0,86,202,1089,0,0,0,0,0,871,45
350,115,472,118,198,640,147,122,326,42,113,461,199,157,0,216,92,828,0,0,0,0,0,631,70,78,495,224,101,756,151,125,331,86,43,677,127,114,0,100,120,894,0,0,0,0,0,975,51
351,101,708,194,277,897,207,117,284,56,76,452,158,175,0,236,134,1206,0,0,0,0,0,687,76,49,565,264,146,1084,216,65,383,207,47,738,138,130,0,121,188,1316,0,0,0,0,0,1014,53
352,65,785,182,268,868,200,92,430,44,92,307,115,145,0,214,133,1191,0,0,0,0,0,523,58,102,883,240,136,1013,202,84,411,209,38,589,110,126,0,132,154,1225,0,0,0,0,0,868,45
353,127,587,146,242,785,181,114,425,68,72,425,138,136,0,177,120,1072,0,0,0,0,0,617,68,66,559,108,129,957,191,71,379,169,40,635,119,92,0,67,281,1185,0,0,0,0,0,774,40
354,70,718,204,196,631,145,93,352,74,105,360,127,190,0,196,87,782,0,0,0,0,0,592,65,38,735,217,86,640,128,80,422,191,40,630,118,91,0,108,185,763,0,0,0,0,0,881,46
355,88,634,114,246,794,183,90,637,66,97,518,187,211,0,235,113,1012,0,0,0,0,0,650,72,74,551,173,116,858,171,86,438,193,45,708,132,133,0,92,124,1012,0,0,0,0,0,919,48
356,119,731,206,233,754,174,74,415,53,106,476,136,216,0,261,106,945,0,0,0,0,0,681,75,79,741,209,109,812,162,79,284,160,48,753,141,115,0,112,247,968,0,0,0,0,0,989,52
357,71,737,207,221,714,164,101,552,45,68,518,94,110,0,141,110,989,0,0,0,0,0,744,82,93,507,257,117,868,173,92,367,138,45,708,132,103,0,87,145,1055,0,0,0,0,0,1005,52
358,112,637,210,225,726,167,78,460,41,49,395,189,173,0,206,106,945,0,0,0,0,0,615,68,79,560,213,108,806,161,85,499,166,42,656,123,104,0,133,266,971,0,0,0,0,0,907,47
359,86,559,187,236,762,175,99,556,69,83,282,105,145,0,206,115,1028,0,0,0,0,0,512,56,60,687,175,135,1007,201,72,434,76,37,574,107,127,0,139,167,1216,0,0,0,0,0,780,41
360,99,643,109,234,756,174,77,407,76,99,449,138,134,0,160,115,1030,0,0,0,0,0,572,63,111,587,170,119,887,177,35,311,147,38,585,109,115,0,100,182,1068,0,0,0,0,0,751,39
361,46,450,124,168,543,125,59,364,34,80,410,153,109,0,116,81,727,0,0,0,0,0,534,59,88,410,139,82,609,121,81,170,111,33,520,97,67,0,39,101,745,0,0,0,0,0,703,37
362,107,450,176,155,499,115,61,305,37,126,383,196,127,0,70,72,642,0,0,0,0,0,558,62,84,372,156,72,531,106,71,264,99,32,502,94,67,0,66,75,642,0,0,0,0,0,693,36
363,69,410,106,149,480,110,59,319,47,71,266,153,130,0,147,68,609,0,0,0,0,0,388,43,63,374,181,67,497,99,58,169,117,27,428,80,57,0,74,95,606,0,0,0,0,0,634,33
364,94,451,169,205,661,152,45,402,43,92,282,147,103,0,136,102,915,0,0,0,0,0,447,49,102,279,122,108,807,161,69,315,108,30,466,87,55,0,60,69,1021,0,0,0,0,0,625,32
365,45,417,132,114,366,84,84,345,47,128,287,183,101,0,109,52,463,0,0,0,0,0,453,50,75,266,196,43,317,63,73,289,123,29,449,84,94,0,69,64,329,0,0,0,0,0,683,35
366,83,361,128,176,566,130,49,342,40,104,151,173,119,0,172,84,753,0,0,0,0,0,296,32,69,166,122,90,667,133,69,242,101,24,374,70,66,0,85,58,824,0,0,0,0,0,537,28
367,68,347,143,169,547,126,64,267,43,71,323,149,89,0,155,84,753,0,0,0,0,0,477,53,102,558,152,86,637,127,95,223,98,33,505,94,85,0,77,52,765,0,0,0,0,0,715,37
368,67,454,158,148,481,111,95,268,58,83,309,118,80,0,132,74,660,0,0,0,0,0,506,56,112,227,107,61,453,90,99,277,169,33,510,95,41,0,77,82,563,0,0,0,0,0,681,35
369,42,439,147,142,459,106,50,368,45,133,303,141,151,0,98,62,556,0,0,0,0,0,450,50,64,395,185,59,441,88,59,289,113,28,438,82,70,0,47,91,518,0,0,0,0,0,648,34
370,68,541,87,165,534,123,73,361,40,102,291,100,93,0,47,82,729,0,0,0,0,0,406,45,94,510,73,84,619,123,90,222,98,24,362,67,54,0,71,90,772,0,0,0,0,0,499,26
371,103,363,158,160,514,118,46,305,41,139,254,141,135,0,143,74,657,0,0,0,0,0,413,45,46,353,137,75,554,110,82,151,131,29,444,83,46,0,58,53,693,0,0,0,0,0,630,33
372,97,512,121,147,477,110,95,339,35,93,397,121,86,0,139,72,648,0,0,0,0,0,552,61,79,196,163,78,576,115,59,212,65,36,552,103,54,0,50,65,715,0,0,0,0,0,736,38
373,66,502,121,143,458,105,79,362,40,92,380,88,109,0,122,67,597,0,0,0,0,0,522,58,75,362,103,60,447,89,76,230,142,33,515,96,61,0,52,71,535,0,0,0,0,0,660,34
374,73,443,96,167,538,124,81,268,45,78,179,146,111,0,91,80,718,0,0,0,0,0,321,35,86,285,139,81,602,120,65,246,110,22,329,61,79,0,92,72,724,0,0,0,0,0,507,26
375,74,368,157,175,566,130,91,373,46,62,402,169,95,0,165,87,776,0,0,0,0,0,585,65,99,422,53,86,641,128,68,209,123,38,600,112,45,0,72,96,810,0,0,0,0,0,685,36
376,116,496,134,167,542,125,110,265,32,107,199,149,101,0,193,82,733,0,0,0,0,0,399,44,67,462,143,84,621,124,65,250,127,31,473,88,54,0,52,72,775,0,0,0,0,0,647,34
377,76,398,124,208,674,155,83,351,52,91,298,111,122,0,151,102,915,0,0,0,0,0,455,50,86,307,175,108,806,161,103,176,125,32,484,90,87,0,65,61,988,0,0,0,0,0,724,38
378,79,435,205,155,497,114,69,253,46,89,280,166,116,0,138,73,650,0,0,0,0,0,499,55,90,381,111,69,513,102,48,248,120,33,509,95,58,0,47,94,626,0,0,0,0,0,635,33
379,66,437,142,172,559,129,73,286,33,106,313,131,127,0,149,82,733,0,0,0,0,0,476,52,105,362,154,84,624,124,61,339,86,32,500,93,75,0,59,87,757,0,0,0,0,0,680,35
380,29,514,142,183,591,136,81,379,44,107,291,153,96,0,113,91,814,0,0,0,0,0,463,51,96,305,157,93,684,136,89,280,125,30,460,86,74,0,47,76,839,0,0,0,0,0,671,35
381,44,330,99,99,319,73,53,183,33,46,196,67,80,0,102,46,411,0,0,0,0,0,314,34,53,283,94,45,331,66,44,143,73,22,332,62,40,0,48,79,402,0,0,0,0,0,447,23
382,44,261,98,91,292,67,30,129,35,41,279,56,78,0,124,42,372,0,0,0,0,0,367,40,36,249,92,39,282,56,51,186,96,26,392,73,37,0,34,87,340,0,0,0,0,0,509,26
383,41,301,88,99,315,72,46,187,28,37,238,96,81,0,97,45,405,0,0,0,0,0,335,37,34,145,137,45,331,66,28,171,85,23,345,64,35,0,32,67,407,0,0,0,0,0,485,25
384,33,188,95,77,246,56,54,154,16,44,215,104,55,0,90,37,324,0,0,0,0,0,328,36,44,204,111,32,237,47,56,119,80,22,334,62,41,0,20,88,275,0,0,0,0,0,476,25
385,41,276,97,90,287,66,63,137,30,54,263,61,66,0,105,42,377,0,0,0,0,0,381,42,42,252,102,38,285,57,36,142,92,26,388,72,35,0,38,76,345,0,0,0,0,0,500,26
386,44,314,102,102,326,75,30,252,26,48,193,63,81,0,82,47,422,0,0,0,0,0,293,32,46,303,133,48,348,69,51,179,75,19,300,56,44,0,47,80,421,0,0,0,0,0,460,24
387,41,310,104,111,354,81,50,147,36,51,173,93,111,0,82,49,435,0,0,0,0,0,295,32,56,180,110,48,357,71,57,181,71,20,301,56,51,0,58,61,425,0,0,0,0,0,445,23
388,43,209,117,84,271,62,33,193,18,33,238,83,30,0,123,43,387,0,0,0,0,0,350,38,39,203,88,41,301,60,53,124,90,25,378,70,46,0,29,88,356,0,0,0,0,0,494,25
389,40,299,110,99,319,73,69,173,29,41,183,72,78,0,91,46,413,0,0,0,0,0,326,36,49,148,99,48,357,71,43,195,53,22,333,62,44,0,47,118,432,0,0,0,0,0,452,23
390,35,245,109,88,286,66,69,187,37,53,210,91,91,0,79,39,349,0,0,0,0,0,350,38,30,153,109,41,294,58,21,194,64,22,343,64,40,0,41,88,353,0,0,0,0,0,450,23
391,43,421,99,85,271,62,24,199,27,39,214,121,64,0,112,40,354,0,0,0,0,0,304,33,43,63,76,40,291,58,34,131,60,22,332,62,44,0,39,76,345,0,0,0,0,0,420,22
392,35,275,98,96,307,70,54,184,39,42,184,73,89,0,116,43,384,0,0,0,0,0,303,33,41,249,74,40,297,59,47,108,89,22,335,62,26,0,46,69,370,0,0,0,0,0,434,22
393,34,164,99,112,359,82,35,112,32,40,192,109,87,0,125,52,466,0,0,0,0,0,294,32,39,273,82,55,399,79,30,122,80,22,335,62,36,0,37,88,497,0,0,0,0,0,425,22
394,44,235,94,101,326,75,46,153,27,60,256,121,62,0,82,49,440,0,0,0,0,0,357,39,64,241,110,45,336,67,42,189,89,23,351,65,39,0,44,95,409,0,0,0,0,0,478,25
395,44,250,71,120,386,89,43,163,34,46,214,96,113,0,75,54,482,0,0,0,0,0,296,32,39,175,89,53,392,78,34,196,105,20,296,55,47,0,40,84,476,0,0,0,0,0,399,20
396,44,345,73,104,335,77,60,222,23,38,180,117,77,0,89,49,439,0,0,0,0,0,282,31,59,179,116,49,360,72,33,135,69,20,296,55,43,0,42,73,438,0,0,0,0,0,423,22
397,35,298,100,87,278,64,44,139,22,45,176,95,105,0,97,36,324,0,0,0,0,0,288,32,41,176,38,34,247,49,40,141,72,20,308,57,29,0,43,87,301,0,0,0,0,0,367,19
398,28,271,124,79,254,58,62,176,38,45,206,119,66,0,118,37,325,0,0,0,0,0,353,39,36,206,101,33,240,48,51,163,86,25,376,70,41,0,43,156,280,0,0,0,0,0,502,26
399,35,336,97,92,294,67,73,221,19,51,238,126,69,0,143,43,384,0,0,0,0,0,368,40,37,253,109,43,313,62,39,163,77,27,408,76,42,0,47,86,376,0,0,0,0,0,529,27
400,36,298,71,99,319,73,40,82,20,46,203,104,77,0,107,46,414,0,0,0,0,0,283,31,22,213,115,48,355,71,42,139,83,20,312,58,47,0,25,91,427,0,0,0,0,0,446,23
401,51,252,68,87,278,64,48,154,22,40,185,70,78,0,111,39,351,0,0,0,0,0,271,30,45,146,58,40,296,59,20,112,49,20,305,57,26,0,18,33,369,0,0,0,0,0,364,19
402,59,240,84,80,254,58,36,131,22,54,113,79,64,0,104,37,328,0,0,0,0,0,210,23,44,184,48,36,267,53,34,102,54,16,251,47,22,0,17,34,334,0,0,0,0,0,317,16
403,53,211,72,82,263,60,42,139,19,37,88,66,71,0,74,38,334,0,0,0,0,0,182,20,35,167,59,39,283,56,28,134,54,14,204,38,21,0,27,49,357,0,0,0,0,0,277,14
404,60,203,74,78,251,58,38,124,22,41,174,47,64,0,100,36,323,0,0,0,0,0,258,28,52,164,83,36,258,51,27,150,49,19,286,53,19,0,26,22,326,0,0,0,0,0,377,19
405,65,220,87,69,221,51,34,143,28,55,120,60,53,0,92,33,288,0,0,0,0,0,217,24,44,159,41,31,227,45,30,114,50,16,247,46,27,0,23,36,276,0,0,0,0,0,303,15
406,46,210,88,79,252,58,39,100,23,51,166,63,55,0,48,38,334,0,0,0,0,0,264,29,37,160,56,38,282,56,23,90,53,17,249,46,29,0,27,48,347,0,0,0,0,0,312,16
407,51,195,62,78,248,57,48,112,27,42,143,76,72,0,73,35,311,0,0,0,0,0,228,25,56,164,63,31,219,43,23,143,71,16,240,45,24,0,21,27,269,0,0,0,0,0,310,16
408,56,195,77,82,263,60,37,144,26,49,174,87,75,0,108,37,330,0,0,0,0,0,260,28,41,118,69,36,259,51,30,102,67,19,294,55,38,0,37,26,308,0,0,0,0,0,374,19
409,67,189,84,91,293,67,26,157,25,35,173,91,50,0,73,45,401,0,0,0,0,0,255,28,44,115,98,45,328,65,31,121,74,17,262,49,28,0,29,35,410,0,0,0,0,0,372,19
410,54,165,69,75,243,56,44,119,30,48,200,81,53,0,75,36,321,0,0,0,0,0,282,31,32,173,61,35,249,49,39,82,76,19,285,53,35,0,30,33,298,0,0,0,0,0,366,19
411,57,211,89,79,253,58,31,119,18,39,168,84,69,0,101,36,321,0,0,0,0,0,260,28,25,172,65,38,280,56,22,111,52,19,288,54,19,0,27,34,355,0,0,0,0,0,357,18
412,39,219,86,90,287,66,46,108,25,50,169,52,85,0,103,40,358,0,0,0,0,0,271,30,47,204,68,37,273,54,19,152,78,19,299,56,20,0,25,30,344,0,0,0,0,0,367,19
413,35,153,72,71,226,52,41,135,17,28,167,98,49,0,70,34,300,0,0,0,0,0,252,28,29,174,57,34,255,51,37,132,50,17,257,48,30,0,21,43,310,0,0,0,0,0,334,17
414,43,141,87,72,232,53,26,92,22,23,210,76,56,0,91,34,301,0,0,0,0,0,291,32,43,161,81,32,233,46,40,88,59,20,305,57,32,0,32,29,279,0,0,0,0,0,405,21
415,42,177,98,80,257,59,34,162,13,38,160,69,66,0,88,37,330,0,0,0,0,0,263,29,30,179,43,38,278,55,27,135,59,19,280,52,20,0,24,29,351,0,0,0,0,0,333,17
416,53,223,94,79,256,59,47,115,19,29,114,74,35,0,105,40,359,0,0,0,0,0,230,25,44,128,60,41,298,59,24,123,57,17,268,50,19,0,15,44,379,0,0,0,0,0,335,17
417,46,282,103,72,231,53,42,156,25,42,164,78,64,0,84,33,292,0,0,0,0,0,279,30,40,144,59,32,236,47,28,123,49,19,290,54,24,0,26,35,291,0,0,0,0,0,359,18
418,48,296,103,72,229,52,43,154,18,35,127,52,69,0,84,32,284,0,0,0,0,0,246,27,41,123,95,30,214,42,16,128,61,17,264,49,28,0,32,50,258,0,0,0,0,0,357,18
419,56,183,85,95,302,69,51,119,28,31,230,103,89,0,80,42,377,0,0,0,0,0,330,36,43,162,37,42,315,63,27,126,61,21,328,61,19,0,25,32,401,0,0,0,0,0,373,19
420,43,228,64,68,219,50,48,189,16,39,204,80,13,0,94,37,324,0,0,0,0,0,285,31,49,148,69,35,261,52,24,93,51,20,303,56,23,0,27,23,325,0,0,0,0,0,377,19
421,42,164,62,67,213,49,19,113,14,21,143,52,28,0,38,34,301,0,0,0,0,0,202,22,34,111,59,33,246,49,18,84,55,12,192,36,10,0,22,56,318,0,0,0,0,0,256,13
422,28,255,76,61,194,44,35,76,11,38,100,55,49,0,48,28,250,0,0,0,0,0,190,21,31,133,35,29,208,41,20,127,39,13,190,35,18,0,18,32,260,0,0,0,0,0,233,12
423,25,245,64,61,194,44,31,84,19,39,127,43,56,0,67,27,243,0,0,0,0,0,200,22,19,127,46,30,214,42,31,96,37,14,213,40,17,0,23,41,269,0,0,0,0,0,276,14
424,21,225,67,67,215,49,27,128,17,32,178,35,43,0,52,33,288,0,0,0,0,0,245,27,36,163,44,34,246,49,28,123,39,16,237,44,29,0,25,29,300,0,0,0,0,0,294,15
425,46,259,56,58,183,42,30,182,18,37,96,41,38,0,46,28,245,0,0,0,0,0,164,18,33,136,46,28,206,41,27,103,34,11,168,31,20,0,27,30,255,0,0,0,0,0,229,12
426,34,203,64,56,176,40,30,142,14,37,130,69,48,0,42,25,224,0,0,0,0,0,202,22,18,152,60,26,184,36,20,61,47,13,195,36,21,0,9,49,225,0,0,0,0,0,262,13
427,46,130,82,57,181,41,29,147,15,30,131,43,36,0,67,27,243,0,0,0,0,0,218,24,23,189,51,28,205,41,20,107,42,15,228,42,14,0,12,44,260,0,0,0,0,0,285,14
428,22,197,54,50,161,37,18,83,17,37,149,62,46,0,78,23,202,0,0,0,0,0,199,22,34,119,57,20,143,28,10,96,48,15,221,41,18,0,20,52,173,0,0,0,0,0,274,14
429,37,161,83,58,185,42,29,86,14,30,126,58,40,0,49,28,245,0,0,0,0,0,215,23,18,138,66,31,224,44,22,91,31,14,211,39,20,0,13,51,279,0,0,0,0,0,285,14
430,27,146,80,50,161,37,39,84,18,33,141,41,45,0,47,23,203,0,0,0,0,0,234,26,25,147,55,24,175,35,19,126,26,15,224,42,18,0,24,47,216,0,0,0,0,0,284,14
431,23,269,55,68,216,49,31,75,16,38,120,49,28,0,51,34,305,0,0,0,0,0,186,20,30,93,47,35,260,52,25,120,49,13,189,35,18,0,15,51,329,0,0,0,0,0,248,13
432,27,248,58,72,229,52,29,134,17,26,140,59,60,0,46,33,293,0,0,0,0,0,205,22,28,131,64,37,267,53,17,58,31,14,200,37,22,0,19,52,335,0,0,0,0,0,267,14
433,25,209,50,48,152,35,30,105,15,32,87,60,36,0,45,23,199,0,0,0,0,0,151,16,27,140,62,21,149,29,22,116,46,11,156,29,22,0,18,34,177,0,0,0,0,0,228,12
434,18,170,44,66,211,48,23,88,18,40,111,55,48,0,63,31,277,0,0,0,0,0,161,17,27,173,34,32,235,47,24,94,46,12,179,33,16,0,20,46,298,0,0,0,0,0,226,11
435,29,261,69,63,202,46,24,121,15,40,133,57,36,0,31,31,275,0,0,0,0,0,204,22,16,163,48,34,248,49,33,80,42,12,188,35,11,0,16,39,320,0,0,0,0,0,256,13
436,34,241,90,60,192,44,24,102,14,33,70,84,41,0,62,29,255,0,0,0,0,0,166,18,26,137,61,31,225,45,19,129,33,12,182,34,18,0,16,38,283,0,0,0,0,0,249,13
437,38,223,52,64,206,47,32,123,18,22,153,40,39,0,49,31,278,0,0,0,0,0,214,23,26,172,43,35,255,51,21,98,28,14,210,39,21,0,18,44,320,0,0,0,0,0,261,13
438,24,219,46,50,159,36,24,88,18,23,122,62,28,0,48,25,217,0,0,0,0,0,173,19,40,185,66,23,168,33,18,82,34,12,176,33,22,0,16,49,202,0,0,0,0,0,247,13
439,24,198,54,58,183,42,17,151,18,27,147,36,49,0,58,26,234,0,0,0,0,0,197,21,32,164,53,26,191,38,14,134,37,13,204,38,19,0,20,39,236,0,0,0,0,0,258,13
440,31,169,49,66,211,48,17,89,15,30,118,47,49,0,58,31,276,0,0,0,0,0,166,18,27,136,55,31,222,44,25,112,58,12,179,33,16,0,15,48,281,0,0,0,0,0,247,12
441,33,145,36,33,105,24,17,74,12,26,62,30,33,0,29,15,129,0,0,0,0,0,104,11,11,92,46,16,113,22,18,53,20,8,106,19,22,0,14,21,129,0,0,0,0,0,162,8
442,30,151,43,43,133,30,12,68,14,16,49,36,33,0,31,20,173,0,0,0,0,0,94,10,19,52,39,20,145,29,26,40,29,7,100,18,13,0,12,21,181,0,0,0,0,0,157,8
443,29,202,40,31,94,21,15,112,9,24,68,24,29,0,21,14,117,0,0,0,0,0,111,12,16,86,33,13,92,18,16,63,23,8,105,19,19,0,18,31,104,0,0,0,0,0,147,7
444,28,207,44,36,113,26,18,98,15,32,56,26,32,0,24,16,143,0,0,0,0,0,107,11,11,125,35,17,123,24,27,68,25,8,104,19,15,0,15,28,149,0,0,0,0,0,158,8
445,27,136,27,44,137,31,21,44,11,26,74,37,25,0,33,21,187,0,0,0,0,0,110,12,21,101,22,22,159,31,17,61,28,8,114,21,15,0,13,26,197,0,0,0,0,0,146,7
446,23,140,35,38,118,27,19,72,11,24,61,36,15,0,30,19,168,0,0,0,0,0,104,11,24,102,28,20,142,28,21,48,21,7,107,20,15,0,14,26,175,0,0,0,0,0,149,7
447,24,170,40,38,120,27,18,112,12,26,53,44,32,0,30,18,153,0,0,0,0,0,100,11,20,96,31,18,124,24,22,61,27,7,104,19,16,0,16,33,150,0,0,0,0,0,150,7
448,28,92,41,36,114,26,18,75,15,32,70,38,29,0,30,17,147,0,0,0,0,0,117,12,23,106,32,16,115,23,16,55,26,8,117,22,19,0,14,25,135,0,0,0,0,0,157,8
449,27,129,42,43,135,31,14,114,16,29,69,36,41,0,41,19,168,0,0,0,0,0,113,12,18,73,30,19,135,27,27,49,34,8,123,23,16,0,16,29,165,0,0,0,0,0,171,9
450,27,116,54,49,154,35,19,75,13,20,80,38,31,0,26,24,207,0,0,0,0,0,138,15,23,84,41,25,183,36,20,49,25,9,131,24,13,0,19,28,231,0,0,0,0,0,183,9
451,24,148,32,40,124,28,14,51,10,29,72,49,29,0,37,19,163,0,0,0,0,0,107,11,18,98,58,19,137,27,26,63,27,8,115,21,17,0,14,20,166,0,0,0,0,0,190,9
452,27,88,37,33,103,23,12,58,13,28,67,37,31,0,46,15,128,0,0,0,0,0,105,11,22,99,33,13,93,18,18,69,28,9,120,22,12,0,15,24,112,0,0,0,0,0,163,8
453,21,124,51,43,133,30,15,84,14,21,62,37,33,0,33,20,173,0,0,0,0,0,116,12,24,102,33,18,127,25,17,59,42,8,119,22,7,0,10,29,163,0,0,0,0,0,161,8
454,36,120,34,39,124,28,25,81,12,18,80,48,33,0,38,18,158,0,0,0,0,0,126,13,22,89,29,19,137,27,21,68,17,9,131,24,15,0,16,20,168,0,0,0,0,0,172,9
455,27,157,40,36,112,25,21,100,15,21,72,44,29,0,32,17,144,0,0,0,0,0,120,13,21,65,28,17,119,23,15,54,21,9,121,22,14,0,13,28,145,0,0,0,0,0,156,8
456,26,145,54,36,113,26,13,95,11,19,65,45,24,0,27,17,151,0,0,0,0,0,119,13,20,136,34,18,128,25,25,46,20,9,116,21,11,0,11,30,160,0,0,0,0,0,167,8
457,29,159,54,44,143,33,24,73,10,27,83,42,29,0,43,22,191,0,0,0,0,0,145,16,27,114,26,22,160,32,24,40,26,10,150,28,12,0,18,20,202,0,0,0,0,0,190,10
458,26,228,44,42,133,30,12,87,10,32,83,38,33,0,31,20,172,0,0,0,0,0,126,13,22,116,37,21,149,29,19,60,21,9,125,23,13,0,16,20,186,0,0,0,0,0,172,9
459,25,149,35,38,121,28,16,112,11,31,76,37,21,0,31,19,166,0,0,0,0,0,115,12,20,108,43,19,134,26,24,59,31,9,116,21,14,0,17,35,165,0,0,0,0,0,174,9
460,26,155,39,41,128,29,21,98,11,19,62,41,27,0,20,20,171,0,0,0,0,0,110,12,20,77,39,19,137,27,20,49,34,7,104,19,13,0,18,27,170,0,0,0,0,0,155,8
461,20,116,21,20,65,15,11,43,5,7,54,18,19,0,28,10,81,0,0,0,0,0,78,8,12,58,22,10,71,14,17,29,8,7,84,15,7,0,8,21,88,0,0,0,0,0,117,6
462,26,86,22,23,71,16,11,32,4,6,52,19,23,0,25,10,87,0,0,0,0,0,77,8,17,56,17,9,61,12,12,33,19,6,81,15,9,0,8,18,73,0,0,0,0,0,105,5
463,28,89,27,27,81,18,10,45,5,8,56,21,31,0,19,11,95,0,0,0,0,0,84,9,14,52,12,11,76,15,7,32,16,6,82,15,9,0,9,12,93,0,0,0,0,0,96,5
464,7,93,32,22,68,15,13,45,6,9,48,14,16,0,23,10,89,0,0,0,0,0,84,9,10,52,22,10,71,14,15,28,18,6,85,16,9,0,9,17,86,0,0,0,0,0,116,6
465,19,76,17,35,111,25,9,40,4,7,27,21,27,0,25,17,144,0,0,0,0,0,48,5,8,53,20,18,135,27,15,35,18,5,58,10,9,0,7,18,171,0,0,0,0,0,89,4
466,25,94,26,32,99,22,9,38,5,7,38,16,18,0,39,15,135,0,0,0,0,0,66,7,13,60,17,17,117,23,15,38,20,6,84,15,6,0,10,11,151,0,0,0,0,0,111,5
467,20,66,32,34,105,24,9,35,5,8,37,34,19,0,33,16,144,0,0,0,0,0,71,7,12,52,14,18,128,25,11,52,20,6,83,15,7,0,10,19,164,0,0,0,0,0,103,5
468,27,84,19,30,92,21,11,26,5,7,54,28,24,0,34,14,119,0,0,0,0,0,76,8,16,61,24,15,103,20,13,41,14,6,88,16,10,0,6,16,128,0,0,0,0,0,119,6
469,20,102,18,29,91,21,6,46,6,7,53,21,21,0,28,14,120,0,0,0,0,0,70,7,19,31,20,14,98,19,16,31,17,6,78,14,6,0,8,12,125,0,0,0,0,0,109,5
470,25,97,18,32,98,22,10,32,4,7,30,25,28,0,35,14,124,0,0,0,0,0,53,5,10,50,12,16,114,22,17,52,14,5,70,13,9,0,9,13,143,0,0,0,0,0,95,4
471,15,86,21,28,89,20,12,42,4,7,51,23,19,0,29,14,118,0,0,0,0,0,76,8,21,44,16,13,95,19,17,54,16,6,84,15,9,0,10,12,118,0,0,0,0,0,112,5
472,21,92,17,36,112,25,11,44,5,6,32,18,25,0,38,17,148,0,0,0,0,0,54,6,14,35,25,18,130,26,12,38,21,6,73,13,10,0,7,16,164,0,0,0,0,0,105,5
473,21,70,32,24,78,18,5,47,6,7,45,22,22,0,32,11,98,0,0,0,0,0,74,8,18,55,19,11,75,15,14,37,16,7,84,15,6,0,10,20,95,0,0,0,0,0,112,5
474,21,59,19,30,92,21,13,47,5,6,43,23,36,0,28,12,107,0,0,0,0,0,68,7,11,51,15,12,90,18,14,42,18,6,76,14,9,0,4,16,111,0,0,0,0,0,100,5
475,19,97,32,26,82,19,11,39,5,7,50,11,17,0,28,13,110,0,0,0,0,0,84,9,12,56,23,13,91,18,8,29,20,7,89,16,4,0,5,19,118,0,0,0,0,0,114,6
476,25,70,27,29,92,21,10,30,6,6,39,21,21,0,26,14,121,0,0,0,0,0,69,7,15,49,25,14,99,19,17,49,21,5,76,14,6,0,9,18,126,0,0,0,0,0,113,5
477,29,94,17,28,87,20,8,37,4,7,50,28,27,0,27,13,108,0,0,0,0,0,68,7,13,50,24,13,93,18,14,52,15,5,76,14,11,0,6,21,113,0,0,0,0,0,109,5
478,23,94,28,23,72,16,11,44,5,7,50,33,21,0,33,11,90,0,0,0,0,0,81,8,12,31,23,10,72,14,17,40,17,6,91,17,5,0,7,15,91,0,0,0,0,0,125,6
479,23,98,20,27,81,18,9,45,4,6,65,20,23,0,30,12,103,0,0,0,0,0,85,9,16,66,18,12,85,17,13,49,14,6,92,17,5,0,8,15,109,0,0,0,0,0,117,6
480,28,72,26,20,63,14,7,39,3,7,36,22,23,0,33,9,74,0,0,0,0,0,63,6,11,35,15,9,54,10,12,34,18,6,76,14,11,0,9,13,62,0,0,0,0,0,98,5
